nohup: ignoring input
INFO:     Started server process [29519]
INFO:     Waiting for application startup.
2026-01-31 00:43:18,283 INFO sqlalchemy.engine.Engine BEGIN (implicit)
2026-01-31 00:43:18,283 - sqlalchemy.engine.Engine - INFO - BEGIN (implicit)
2026-01-31 00:43:18,283 INFO sqlalchemy.engine.Engine PRAGMA main.table_info("algorithms")
2026-01-31 00:43:18,283 - sqlalchemy.engine.Engine - INFO - PRAGMA main.table_info("algorithms")
2026-01-31 00:43:18,283 INFO sqlalchemy.engine.Engine [raw sql] ()
2026-01-31 00:43:18,283 - sqlalchemy.engine.Engine - INFO - [raw sql] ()
2026-01-31 00:43:18,284 INFO sqlalchemy.engine.Engine PRAGMA temp.table_info("algorithms")
2026-01-31 00:43:18,284 - sqlalchemy.engine.Engine - INFO - PRAGMA temp.table_info("algorithms")
2026-01-31 00:43:18,284 INFO sqlalchemy.engine.Engine [raw sql] ()
2026-01-31 00:43:18,284 - sqlalchemy.engine.Engine - INFO - [raw sql] ()
2026-01-31 00:43:18,284 INFO sqlalchemy.engine.Engine PRAGMA main.table_info("backtest_jobs")
2026-01-31 00:43:18,284 - sqlalchemy.engine.Engine - INFO - PRAGMA main.table_info("backtest_jobs")
2026-01-31 00:43:18,284 INFO sqlalchemy.engine.Engine [raw sql] ()
2026-01-31 00:43:18,284 - sqlalchemy.engine.Engine - INFO - [raw sql] ()
2026-01-31 00:43:18,285 INFO sqlalchemy.engine.Engine PRAGMA temp.table_info("backtest_jobs")
2026-01-31 00:43:18,285 - sqlalchemy.engine.Engine - INFO - PRAGMA temp.table_info("backtest_jobs")
2026-01-31 00:43:18,285 INFO sqlalchemy.engine.Engine [raw sql] ()
2026-01-31 00:43:18,285 - sqlalchemy.engine.Engine - INFO - [raw sql] ()
2026-01-31 00:43:18,285 INFO sqlalchemy.engine.Engine PRAGMA main.table_info("backtest_results")
2026-01-31 00:43:18,285 - sqlalchemy.engine.Engine - INFO - PRAGMA main.table_info("backtest_results")
2026-01-31 00:43:18,285 INFO sqlalchemy.engine.Engine [raw sql] ()
2026-01-31 00:43:18,285 - sqlalchemy.engine.Engine - INFO - [raw sql] ()
2026-01-31 00:43:18,286 INFO sqlalchemy.engine.Engine PRAGMA temp.table_info("backtest_results")
2026-01-31 00:43:18,286 - sqlalchemy.engine.Engine - INFO - PRAGMA temp.table_info("backtest_results")
2026-01-31 00:43:18,286 INFO sqlalchemy.engine.Engine [raw sql] ()
2026-01-31 00:43:18,286 - sqlalchemy.engine.Engine - INFO - [raw sql] ()
2026-01-31 00:43:18,286 INFO sqlalchemy.engine.Engine PRAGMA main.table_info("trades")
2026-01-31 00:43:18,286 - sqlalchemy.engine.Engine - INFO - PRAGMA main.table_info("trades")
2026-01-31 00:43:18,286 INFO sqlalchemy.engine.Engine [raw sql] ()
2026-01-31 00:43:18,286 - sqlalchemy.engine.Engine - INFO - [raw sql] ()
2026-01-31 00:43:18,287 INFO sqlalchemy.engine.Engine PRAGMA temp.table_info("trades")
2026-01-31 00:43:18,287 - sqlalchemy.engine.Engine - INFO - PRAGMA temp.table_info("trades")
2026-01-31 00:43:18,287 INFO sqlalchemy.engine.Engine [raw sql] ()
2026-01-31 00:43:18,287 - sqlalchemy.engine.Engine - INFO - [raw sql] ()
2026-01-31 00:43:18,287 INFO sqlalchemy.engine.Engine PRAGMA main.table_info("price_cache")
2026-01-31 00:43:18,287 - sqlalchemy.engine.Engine - INFO - PRAGMA main.table_info("price_cache")
2026-01-31 00:43:18,287 INFO sqlalchemy.engine.Engine [raw sql] ()
2026-01-31 00:43:18,287 - sqlalchemy.engine.Engine - INFO - [raw sql] ()
2026-01-31 00:43:18,287 INFO sqlalchemy.engine.Engine PRAGMA temp.table_info("price_cache")
2026-01-31 00:43:18,287 - sqlalchemy.engine.Engine - INFO - PRAGMA temp.table_info("price_cache")
2026-01-31 00:43:18,287 INFO sqlalchemy.engine.Engine [raw sql] ()
2026-01-31 00:43:18,287 - sqlalchemy.engine.Engine - INFO - [raw sql] ()
2026-01-31 00:43:18,288 INFO sqlalchemy.engine.Engine 
CREATE TABLE algorithms (
	id VARCHAR(50) NOT NULL, 
	name VARCHAR(255) NOT NULL, 
	description TEXT, 
	version VARCHAR(20), 
	is_active BOOLEAN, 
	parameters JSON NOT NULL, 
	created_at DATETIME, 
	updated_at DATETIME, 
	PRIMARY KEY (id)
)


2026-01-31 00:43:18,288 - sqlalchemy.engine.Engine - INFO - 
CREATE TABLE algorithms (
	id VARCHAR(50) NOT NULL, 
	name VARCHAR(255) NOT NULL, 
	description TEXT, 
	version VARCHAR(20), 
	is_active BOOLEAN, 
	parameters JSON NOT NULL, 
	created_at DATETIME, 
	updated_at DATETIME, 
	PRIMARY KEY (id)
)


2026-01-31 00:43:18,289 INFO sqlalchemy.engine.Engine [no key 0.00020s] ()
2026-01-31 00:43:18,289 - sqlalchemy.engine.Engine - INFO - [no key 0.00020s] ()
2026-01-31 00:43:18,293 INFO sqlalchemy.engine.Engine CREATE INDEX ix_algorithms_id ON algorithms (id)
2026-01-31 00:43:18,293 - sqlalchemy.engine.Engine - INFO - CREATE INDEX ix_algorithms_id ON algorithms (id)
2026-01-31 00:43:18,293 INFO sqlalchemy.engine.Engine [no key 0.00026s] ()
2026-01-31 00:43:18,293 - sqlalchemy.engine.Engine - INFO - [no key 0.00026s] ()
2026-01-31 00:43:18,298 INFO sqlalchemy.engine.Engine 
CREATE TABLE backtest_jobs (
	id VARCHAR(36) NOT NULL, 
	symbol VARCHAR(20) NOT NULL, 
	algorithm_id VARCHAR(50) NOT NULL, 
	parameters JSON NOT NULL, 
	start_date DATE NOT NULL, 
	end_date DATE NOT NULL, 
	initial_capital NUMERIC(12, 2) NOT NULL, 
	allow_short BOOLEAN, 
	brokerage_fee NUMERIC(8, 2), 
	status VARCHAR(10), 
	error_message TEXT, 
	execution_time_ms INTEGER, 
	created_at DATETIME, 
	updated_at DATETIME, 
	PRIMARY KEY (id)
)


2026-01-31 00:43:18,298 - sqlalchemy.engine.Engine - INFO - 
CREATE TABLE backtest_jobs (
	id VARCHAR(36) NOT NULL, 
	symbol VARCHAR(20) NOT NULL, 
	algorithm_id VARCHAR(50) NOT NULL, 
	parameters JSON NOT NULL, 
	start_date DATE NOT NULL, 
	end_date DATE NOT NULL, 
	initial_capital NUMERIC(12, 2) NOT NULL, 
	allow_short BOOLEAN, 
	brokerage_fee NUMERIC(8, 2), 
	status VARCHAR(10), 
	error_message TEXT, 
	execution_time_ms INTEGER, 
	created_at DATETIME, 
	updated_at DATETIME, 
	PRIMARY KEY (id)
)


2026-01-31 00:43:18,298 INFO sqlalchemy.engine.Engine [no key 0.00023s] ()
2026-01-31 00:43:18,298 - sqlalchemy.engine.Engine - INFO - [no key 0.00023s] ()
2026-01-31 00:43:18,302 INFO sqlalchemy.engine.Engine CREATE INDEX ix_backtest_jobs_id ON backtest_jobs (id)
2026-01-31 00:43:18,302 - sqlalchemy.engine.Engine - INFO - CREATE INDEX ix_backtest_jobs_id ON backtest_jobs (id)
2026-01-31 00:43:18,302 INFO sqlalchemy.engine.Engine [no key 0.00018s] ()
2026-01-31 00:43:18,302 - sqlalchemy.engine.Engine - INFO - [no key 0.00018s] ()
2026-01-31 00:43:18,308 INFO sqlalchemy.engine.Engine CREATE INDEX ix_backtest_jobs_algorithm_id ON backtest_jobs (algorithm_id)
2026-01-31 00:43:18,308 - sqlalchemy.engine.Engine - INFO - CREATE INDEX ix_backtest_jobs_algorithm_id ON backtest_jobs (algorithm_id)
2026-01-31 00:43:18,309 INFO sqlalchemy.engine.Engine [no key 0.00064s] ()
2026-01-31 00:43:18,309 - sqlalchemy.engine.Engine - INFO - [no key 0.00064s] ()
2026-01-31 00:43:18,315 INFO sqlalchemy.engine.Engine CREATE INDEX ix_backtest_jobs_created_at ON backtest_jobs (created_at)
2026-01-31 00:43:18,315 - sqlalchemy.engine.Engine - INFO - CREATE INDEX ix_backtest_jobs_created_at ON backtest_jobs (created_at)
2026-01-31 00:43:18,315 INFO sqlalchemy.engine.Engine [no key 0.00025s] ()
2026-01-31 00:43:18,315 - sqlalchemy.engine.Engine - INFO - [no key 0.00025s] ()
2026-01-31 00:43:18,321 INFO sqlalchemy.engine.Engine CREATE INDEX ix_backtest_jobs_symbol ON backtest_jobs (symbol)
2026-01-31 00:43:18,321 - sqlalchemy.engine.Engine - INFO - CREATE INDEX ix_backtest_jobs_symbol ON backtest_jobs (symbol)
2026-01-31 00:43:18,321 INFO sqlalchemy.engine.Engine [no key 0.00023s] ()
2026-01-31 00:43:18,321 - sqlalchemy.engine.Engine - INFO - [no key 0.00023s] ()
2026-01-31 00:43:18,325 INFO sqlalchemy.engine.Engine CREATE INDEX ix_backtest_jobs_status ON backtest_jobs (status)
2026-01-31 00:43:18,325 - sqlalchemy.engine.Engine - INFO - CREATE INDEX ix_backtest_jobs_status ON backtest_jobs (status)
2026-01-31 00:43:18,325 INFO sqlalchemy.engine.Engine [no key 0.00020s] ()
2026-01-31 00:43:18,325 - sqlalchemy.engine.Engine - INFO - [no key 0.00020s] ()
2026-01-31 00:43:18,329 INFO sqlalchemy.engine.Engine 
CREATE TABLE price_cache (
	id VARCHAR(36) NOT NULL, 
	symbol VARCHAR(20) NOT NULL, 
	interval VARCHAR(20) NOT NULL, 
	from_date DATE NOT NULL, 
	to_date DATE NOT NULL, 
	data_json TEXT, 
	cached_at DATETIME, 
	row_count INTEGER, 
	last_accessed DATETIME, 
	access_count INTEGER, 
	PRIMARY KEY (id), 
	CONSTRAINT uq_cache_key UNIQUE (symbol, interval, from_date, to_date)
)


2026-01-31 00:43:18,329 - sqlalchemy.engine.Engine - INFO - 
CREATE TABLE price_cache (
	id VARCHAR(36) NOT NULL, 
	symbol VARCHAR(20) NOT NULL, 
	interval VARCHAR(20) NOT NULL, 
	from_date DATE NOT NULL, 
	to_date DATE NOT NULL, 
	data_json TEXT, 
	cached_at DATETIME, 
	row_count INTEGER, 
	last_accessed DATETIME, 
	access_count INTEGER, 
	PRIMARY KEY (id), 
	CONSTRAINT uq_cache_key UNIQUE (symbol, interval, from_date, to_date)
)


2026-01-31 00:43:18,330 INFO sqlalchemy.engine.Engine [no key 0.00017s] ()
2026-01-31 00:43:18,330 - sqlalchemy.engine.Engine - INFO - [no key 0.00017s] ()
2026-01-31 00:43:18,334 INFO sqlalchemy.engine.Engine CREATE INDEX ix_price_cache_to_date ON price_cache (to_date)
2026-01-31 00:43:18,334 - sqlalchemy.engine.Engine - INFO - CREATE INDEX ix_price_cache_to_date ON price_cache (to_date)
2026-01-31 00:43:18,334 INFO sqlalchemy.engine.Engine [no key 0.00025s] ()
2026-01-31 00:43:18,334 - sqlalchemy.engine.Engine - INFO - [no key 0.00025s] ()
2026-01-31 00:43:18,339 INFO sqlalchemy.engine.Engine CREATE INDEX ix_price_cache_cached_at ON price_cache (cached_at)
2026-01-31 00:43:18,339 - sqlalchemy.engine.Engine - INFO - CREATE INDEX ix_price_cache_cached_at ON price_cache (cached_at)
2026-01-31 00:43:18,339 INFO sqlalchemy.engine.Engine [no key 0.00023s] ()
2026-01-31 00:43:18,339 - sqlalchemy.engine.Engine - INFO - [no key 0.00023s] ()
2026-01-31 00:43:18,343 INFO sqlalchemy.engine.Engine CREATE INDEX ix_price_cache_symbol ON price_cache (symbol)
2026-01-31 00:43:18,343 - sqlalchemy.engine.Engine - INFO - CREATE INDEX ix_price_cache_symbol ON price_cache (symbol)
2026-01-31 00:43:18,343 INFO sqlalchemy.engine.Engine [no key 0.00026s] ()
2026-01-31 00:43:18,343 - sqlalchemy.engine.Engine - INFO - [no key 0.00026s] ()
2026-01-31 00:43:18,348 INFO sqlalchemy.engine.Engine CREATE INDEX ix_price_cache_from_date ON price_cache (from_date)
2026-01-31 00:43:18,348 - sqlalchemy.engine.Engine - INFO - CREATE INDEX ix_price_cache_from_date ON price_cache (from_date)
2026-01-31 00:43:18,349 INFO sqlalchemy.engine.Engine [no key 0.00042s] ()
2026-01-31 00:43:18,349 - sqlalchemy.engine.Engine - INFO - [no key 0.00042s] ()
2026-01-31 00:43:18,354 INFO sqlalchemy.engine.Engine CREATE INDEX ix_price_cache_id ON price_cache (id)
2026-01-31 00:43:18,354 - sqlalchemy.engine.Engine - INFO - CREATE INDEX ix_price_cache_id ON price_cache (id)
2026-01-31 00:43:18,354 INFO sqlalchemy.engine.Engine [no key 0.00033s] ()
2026-01-31 00:43:18,354 - sqlalchemy.engine.Engine - INFO - [no key 0.00033s] ()
2026-01-31 00:43:18,361 INFO sqlalchemy.engine.Engine 
CREATE TABLE backtest_results (
	id VARCHAR(36) NOT NULL, 
	job_id VARCHAR(36) NOT NULL, 
	final_capital NUMERIC(12, 2) NOT NULL, 
	total_return NUMERIC(12, 2) NOT NULL, 
	return_percentage NUMERIC(8, 4) NOT NULL, 
	total_trades INTEGER, 
	winning_trades INTEGER, 
	losing_trades INTEGER, 
	win_rate NUMERIC(5, 2), 
	max_drawdown NUMERIC(8, 4), 
	min_capital NUMERIC(12, 2), 
	sharpe_ratio NUMERIC(8, 4), 
	profit_factor NUMERIC(8, 4), 
	avg_trade_duration_minutes INTEGER, 
	best_trade_pnl NUMERIC(12, 2), 
	worst_trade_pnl NUMERIC(12, 2), 
	chart_data JSON, 
	created_at DATETIME, 
	PRIMARY KEY (id), 
	FOREIGN KEY(job_id) REFERENCES backtest_jobs (id) ON DELETE CASCADE
)


2026-01-31 00:43:18,361 - sqlalchemy.engine.Engine - INFO - 
CREATE TABLE backtest_results (
	id VARCHAR(36) NOT NULL, 
	job_id VARCHAR(36) NOT NULL, 
	final_capital NUMERIC(12, 2) NOT NULL, 
	total_return NUMERIC(12, 2) NOT NULL, 
	return_percentage NUMERIC(8, 4) NOT NULL, 
	total_trades INTEGER, 
	winning_trades INTEGER, 
	losing_trades INTEGER, 
	win_rate NUMERIC(5, 2), 
	max_drawdown NUMERIC(8, 4), 
	min_capital NUMERIC(12, 2), 
	sharpe_ratio NUMERIC(8, 4), 
	profit_factor NUMERIC(8, 4), 
	avg_trade_duration_minutes INTEGER, 
	best_trade_pnl NUMERIC(12, 2), 
	worst_trade_pnl NUMERIC(12, 2), 
	chart_data JSON, 
	created_at DATETIME, 
	PRIMARY KEY (id), 
	FOREIGN KEY(job_id) REFERENCES backtest_jobs (id) ON DELETE CASCADE
)


2026-01-31 00:43:18,362 INFO sqlalchemy.engine.Engine [no key 0.00033s] ()
2026-01-31 00:43:18,362 - sqlalchemy.engine.Engine - INFO - [no key 0.00033s] ()
2026-01-31 00:43:18,367 INFO sqlalchemy.engine.Engine CREATE INDEX ix_backtest_results_id ON backtest_results (id)
2026-01-31 00:43:18,367 - sqlalchemy.engine.Engine - INFO - CREATE INDEX ix_backtest_results_id ON backtest_results (id)
2026-01-31 00:43:18,367 INFO sqlalchemy.engine.Engine [no key 0.00020s] ()
2026-01-31 00:43:18,367 - sqlalchemy.engine.Engine - INFO - [no key 0.00020s] ()
2026-01-31 00:43:18,371 INFO sqlalchemy.engine.Engine CREATE UNIQUE INDEX ix_backtest_results_job_id ON backtest_results (job_id)
2026-01-31 00:43:18,371 - sqlalchemy.engine.Engine - INFO - CREATE UNIQUE INDEX ix_backtest_results_job_id ON backtest_results (job_id)
2026-01-31 00:43:18,371 INFO sqlalchemy.engine.Engine [no key 0.00019s] ()
2026-01-31 00:43:18,371 - sqlalchemy.engine.Engine - INFO - [no key 0.00019s] ()
2026-01-31 00:43:18,377 INFO sqlalchemy.engine.Engine 
CREATE TABLE trades (
	id VARCHAR(36) NOT NULL, 
	job_id VARCHAR(36) NOT NULL, 
	trade_sequence INTEGER NOT NULL, 
	trade_type VARCHAR(4) NOT NULL, 
	symbol VARCHAR(20) NOT NULL, 
	trade_time DATETIME NOT NULL, 
	price NUMERIC(10, 2) NOT NULL, 
	quantity INTEGER NOT NULL, 
	brokerage_fee NUMERIC(8, 2), 
	capital_after NUMERIC(12, 2) NOT NULL, 
	pnl NUMERIC(12, 2), 
	pnl_percentage NUMERIC(8, 4), 
	z_score NUMERIC(8, 4), 
	sma NUMERIC(10, 2), 
	created_at DATETIME, 
	PRIMARY KEY (id), 
	FOREIGN KEY(job_id) REFERENCES backtest_jobs (id) ON DELETE CASCADE
)


2026-01-31 00:43:18,377 - sqlalchemy.engine.Engine - INFO - 
CREATE TABLE trades (
	id VARCHAR(36) NOT NULL, 
	job_id VARCHAR(36) NOT NULL, 
	trade_sequence INTEGER NOT NULL, 
	trade_type VARCHAR(4) NOT NULL, 
	symbol VARCHAR(20) NOT NULL, 
	trade_time DATETIME NOT NULL, 
	price NUMERIC(10, 2) NOT NULL, 
	quantity INTEGER NOT NULL, 
	brokerage_fee NUMERIC(8, 2), 
	capital_after NUMERIC(12, 2) NOT NULL, 
	pnl NUMERIC(12, 2), 
	pnl_percentage NUMERIC(8, 4), 
	z_score NUMERIC(8, 4), 
	sma NUMERIC(10, 2), 
	created_at DATETIME, 
	PRIMARY KEY (id), 
	FOREIGN KEY(job_id) REFERENCES backtest_jobs (id) ON DELETE CASCADE
)


2026-01-31 00:43:18,377 INFO sqlalchemy.engine.Engine [no key 0.00044s] ()
2026-01-31 00:43:18,377 - sqlalchemy.engine.Engine - INFO - [no key 0.00044s] ()
2026-01-31 00:43:18,383 INFO sqlalchemy.engine.Engine CREATE INDEX ix_trades_id ON trades (id)
2026-01-31 00:43:18,383 - sqlalchemy.engine.Engine - INFO - CREATE INDEX ix_trades_id ON trades (id)
2026-01-31 00:43:18,384 INFO sqlalchemy.engine.Engine [no key 0.00043s] ()
2026-01-31 00:43:18,384 - sqlalchemy.engine.Engine - INFO - [no key 0.00043s] ()
2026-01-31 00:43:18,390 INFO sqlalchemy.engine.Engine CREATE INDEX ix_trades_job_id ON trades (job_id)
2026-01-31 00:43:18,390 - sqlalchemy.engine.Engine - INFO - CREATE INDEX ix_trades_job_id ON trades (job_id)
2026-01-31 00:43:18,391 INFO sqlalchemy.engine.Engine [no key 0.00065s] ()
2026-01-31 00:43:18,391 - sqlalchemy.engine.Engine - INFO - [no key 0.00065s] ()
2026-01-31 00:43:18,397 INFO sqlalchemy.engine.Engine CREATE INDEX ix_trades_trade_time ON trades (trade_time)
2026-01-31 00:43:18,397 - sqlalchemy.engine.Engine - INFO - CREATE INDEX ix_trades_trade_time ON trades (trade_time)
2026-01-31 00:43:18,398 INFO sqlalchemy.engine.Engine [no key 0.00070s] ()
2026-01-31 00:43:18,398 - sqlalchemy.engine.Engine - INFO - [no key 0.00070s] ()
2026-01-31 00:43:18,403 INFO sqlalchemy.engine.Engine COMMIT
2026-01-31 00:43:18,403 - sqlalchemy.engine.Engine - INFO - COMMIT
2026-01-31 00:43:18,418 INFO sqlalchemy.engine.Engine BEGIN (implicit)
2026-01-31 00:43:18,418 - sqlalchemy.engine.Engine - INFO - BEGIN (implicit)
2026-01-31 00:43:18,420 INFO sqlalchemy.engine.Engine DELETE FROM price_cache WHERE price_cache.cached_at < ?
2026-01-31 00:43:18,420 - sqlalchemy.engine.Engine - INFO - DELETE FROM price_cache WHERE price_cache.cached_at < ?
2026-01-31 00:43:18,420 INFO sqlalchemy.engine.Engine [generated in 0.00027s] ('2026-01-01 00:43:18.404430',)
2026-01-31 00:43:18,420 - sqlalchemy.engine.Engine - INFO - [generated in 0.00027s] ('2026-01-01 00:43:18.404430',)
2026-01-31 00:43:18,421 INFO sqlalchemy.engine.Engine COMMIT
2026-01-31 00:43:18,421 - sqlalchemy.engine.Engine - INFO - COMMIT
2026-01-31 00:43:18,421 - app.core.data.persistent_cache - INFO - Cleaned 0 old cache entries (DB)
2026-01-31 00:43:18,421 INFO sqlalchemy.engine.Engine BEGIN (implicit)
2026-01-31 00:43:18,421 - sqlalchemy.engine.Engine - INFO - BEGIN (implicit)
2026-01-31 00:43:18,424 INFO sqlalchemy.engine.Engine SELECT price_cache.id AS price_cache_id, price_cache.symbol AS price_cache_symbol, price_cache.interval AS price_cache_interval, price_cache.from_date AS price_cache_from_date, price_cache.to_date AS price_cache_to_date, price_cache.data_json AS price_cache_data_json, price_cache.cached_at AS price_cache_cached_at, price_cache.row_count AS price_cache_row_count, price_cache.last_accessed AS price_cache_last_accessed, price_cache.access_count AS price_cache_access_count 
FROM price_cache
2026-01-31 00:43:18,424 - sqlalchemy.engine.Engine - INFO - SELECT price_cache.id AS price_cache_id, price_cache.symbol AS price_cache_symbol, price_cache.interval AS price_cache_interval, price_cache.from_date AS price_cache_from_date, price_cache.to_date AS price_cache_to_date, price_cache.data_json AS price_cache_data_json, price_cache.cached_at AS price_cache_cached_at, price_cache.row_count AS price_cache_row_count, price_cache.last_accessed AS price_cache_last_accessed, price_cache.access_count AS price_cache_access_count 
FROM price_cache
2026-01-31 00:43:18,424 INFO sqlalchemy.engine.Engine [generated in 0.00026s] ()
2026-01-31 00:43:18,424 - sqlalchemy.engine.Engine - INFO - [generated in 0.00026s] ()
2026-01-31 00:43:18,426 INFO sqlalchemy.engine.Engine ROLLBACK
2026-01-31 00:43:18,426 - sqlalchemy.engine.Engine - INFO - ROLLBACK
2026-01-31 00:43:18,426 - app.main - INFO - Cache status: {'type': 'persistent (database)', 'entries': 0, 'total_rows': 0, 'total_size_kb': 0.0, 'oldest_cache': None, 'most_accessed': 0}
INFO:     Application startup complete.
INFO:     Uvicorn running on http://127.0.0.1:8000 (Press CTRL+C to quit)
2026-01-31 00:43:31,561 - app.api.v1.endpoints.backtest - INFO - New backtest request - Job ID: 4ec81544-8831-4b84-a1de-8d2fd9a0ca97, Symbol: RELIANCE, Algorithm: mean_reversion
2026-01-31 00:43:31,564 INFO sqlalchemy.engine.Engine BEGIN (implicit)
2026-01-31 00:43:31,564 - sqlalchemy.engine.Engine - INFO - BEGIN (implicit)
2026-01-31 00:43:31,568 INFO sqlalchemy.engine.Engine INSERT INTO backtest_jobs (id, symbol, algorithm_id, parameters, start_date, end_date, initial_capital, allow_short, brokerage_fee, status, error_message, execution_time_ms, created_at, updated_at) VALUES (?, ?, ?, ?, ?, ?, ?, ?, ?, ?, ?, ?, CURRENT_TIMESTAMP, CURRENT_TIMESTAMP)
2026-01-31 00:43:31,568 - sqlalchemy.engine.Engine - INFO - INSERT INTO backtest_jobs (id, symbol, algorithm_id, parameters, start_date, end_date, initial_capital, allow_short, brokerage_fee, status, error_message, execution_time_ms, created_at, updated_at) VALUES (?, ?, ?, ?, ?, ?, ?, ?, ?, ?, ?, ?, CURRENT_TIMESTAMP, CURRENT_TIMESTAMP)
2026-01-31 00:43:31,568 INFO sqlalchemy.engine.Engine [generated in 0.00067s] ('4ec81544-8831-4b84-a1de-8d2fd9a0ca97', 'RELIANCE', 'mean_reversion', '{"SMA_WINDOW": 20, "Z_ENTRY": 1.5, "Z_EXIT_THRESHOLD": 0.5}', '2024-01-01', '2024-01-10', 50000.0, 1, 20.0, 'processing', None, None)
2026-01-31 00:43:31,568 - sqlalchemy.engine.Engine - INFO - [generated in 0.00067s] ('4ec81544-8831-4b84-a1de-8d2fd9a0ca97', 'RELIANCE', 'mean_reversion', '{"SMA_WINDOW": 20, "Z_ENTRY": 1.5, "Z_EXIT_THRESHOLD": 0.5}', '2024-01-01', '2024-01-10', 50000.0, 1, 20.0, 'processing', None, None)
2026-01-31 00:43:31,570 INFO sqlalchemy.engine.Engine COMMIT
2026-01-31 00:43:31,570 - sqlalchemy.engine.Engine - INFO - COMMIT
2026-01-31 00:43:31,575 - app.api.v1.endpoints.backtest - DEBUG - Job 4ec81544-8831-4b84-a1de-8d2fd9a0ca97 created in database
2026-01-31 00:43:31,576 - app.api.v1.endpoints.backtest - DEBUG - Fetching data for RELIANCE from 2024-01-01 to 2024-01-10
2026-01-31 00:43:31,578 INFO sqlalchemy.engine.Engine BEGIN (implicit)
2026-01-31 00:43:31,578 - sqlalchemy.engine.Engine - INFO - BEGIN (implicit)
2026-01-31 00:43:31,582 INFO sqlalchemy.engine.Engine SELECT price_cache.id AS price_cache_id, price_cache.symbol AS price_cache_symbol, price_cache.interval AS price_cache_interval, price_cache.from_date AS price_cache_from_date, price_cache.to_date AS price_cache_to_date, price_cache.data_json AS price_cache_data_json, price_cache.cached_at AS price_cache_cached_at, price_cache.row_count AS price_cache_row_count, price_cache.last_accessed AS price_cache_last_accessed, price_cache.access_count AS price_cache_access_count 
FROM price_cache 
WHERE price_cache.symbol = ? AND price_cache.interval = ? AND price_cache.from_date = ? AND price_cache.to_date = ?
 LIMIT ? OFFSET ?
2026-01-31 00:43:31,582 - sqlalchemy.engine.Engine - INFO - SELECT price_cache.id AS price_cache_id, price_cache.symbol AS price_cache_symbol, price_cache.interval AS price_cache_interval, price_cache.from_date AS price_cache_from_date, price_cache.to_date AS price_cache_to_date, price_cache.data_json AS price_cache_data_json, price_cache.cached_at AS price_cache_cached_at, price_cache.row_count AS price_cache_row_count, price_cache.last_accessed AS price_cache_last_accessed, price_cache.access_count AS price_cache_access_count 
FROM price_cache 
WHERE price_cache.symbol = ? AND price_cache.interval = ? AND price_cache.from_date = ? AND price_cache.to_date = ?
 LIMIT ? OFFSET ?
2026-01-31 00:43:31,582 INFO sqlalchemy.engine.Engine [generated in 0.00030s] ('RELIANCE', '5minute', '2024-01-01', '2024-01-10', 1, 0)
2026-01-31 00:43:31,582 - sqlalchemy.engine.Engine - INFO - [generated in 0.00030s] ('RELIANCE', '5minute', '2024-01-01', '2024-01-10', 1, 0)
2026-01-31 00:43:31,583 - app.core.data.persistent_cache - DEBUG - Cache miss (DB) - RELIANCE 2024-01-01-2024-01-10
2026-01-31 00:43:31,583 INFO sqlalchemy.engine.Engine ROLLBACK
2026-01-31 00:43:31,583 - sqlalchemy.engine.Engine - INFO - ROLLBACK
2026-01-31 00:43:31,584 - app.api.v1.endpoints.backtest - DEBUG - Cache miss - fetching from source
2026-01-31 00:43:31,584 - app.core.data.fetcher - INFO - Generating mock data for RELIANCE
2026-01-31 00:43:31,598 INFO sqlalchemy.engine.Engine BEGIN (implicit)
2026-01-31 00:43:31,598 - sqlalchemy.engine.Engine - INFO - BEGIN (implicit)
2026-01-31 00:43:31,598 INFO sqlalchemy.engine.Engine SELECT price_cache.id AS price_cache_id, price_cache.symbol AS price_cache_symbol, price_cache.interval AS price_cache_interval, price_cache.from_date AS price_cache_from_date, price_cache.to_date AS price_cache_to_date, price_cache.data_json AS price_cache_data_json, price_cache.cached_at AS price_cache_cached_at, price_cache.row_count AS price_cache_row_count, price_cache.last_accessed AS price_cache_last_accessed, price_cache.access_count AS price_cache_access_count 
FROM price_cache 
WHERE price_cache.symbol = ? AND price_cache.interval = ? AND price_cache.from_date = ? AND price_cache.to_date = ?
 LIMIT ? OFFSET ?
2026-01-31 00:43:31,598 - sqlalchemy.engine.Engine - INFO - SELECT price_cache.id AS price_cache_id, price_cache.symbol AS price_cache_symbol, price_cache.interval AS price_cache_interval, price_cache.from_date AS price_cache_from_date, price_cache.to_date AS price_cache_to_date, price_cache.data_json AS price_cache_data_json, price_cache.cached_at AS price_cache_cached_at, price_cache.row_count AS price_cache_row_count, price_cache.last_accessed AS price_cache_last_accessed, price_cache.access_count AS price_cache_access_count 
FROM price_cache 
WHERE price_cache.symbol = ? AND price_cache.interval = ? AND price_cache.from_date = ? AND price_cache.to_date = ?
 LIMIT ? OFFSET ?
2026-01-31 00:43:31,598 INFO sqlalchemy.engine.Engine [cached since 0.01655s ago] ('RELIANCE', '5minute', '2024-01-01', '2024-01-10', 1, 0)
2026-01-31 00:43:31,598 - sqlalchemy.engine.Engine - INFO - [cached since 0.01655s ago] ('RELIANCE', '5minute', '2024-01-01', '2024-01-10', 1, 0)
2026-01-31 00:43:31,604 INFO sqlalchemy.engine.Engine INSERT INTO price_cache (id, symbol, interval, from_date, to_date, data_json, cached_at, row_count, last_accessed, access_count) VALUES (?, ?, ?, ?, ?, ?, CURRENT_TIMESTAMP, ?, CURRENT_TIMESTAMP, ?)
2026-01-31 00:43:31,604 - sqlalchemy.engine.Engine - INFO - INSERT INTO price_cache (id, symbol, interval, from_date, to_date, data_json, cached_at, row_count, last_accessed, access_count) VALUES (?, ?, ?, ?, ?, ?, CURRENT_TIMESTAMP, ?, CURRENT_TIMESTAMP, ?)
2026-01-31 00:43:31,604 INFO sqlalchemy.engine.Engine [generated in 0.00069s] ('5af2538d-304d-4334-8d20-c55a35fc896f', 'RELIANCE', '5minute', '2024-01-01', '2024-01-10', '[{"datetime":"2024-01-01T09:15:00.000","close":2506.6098936039,"open":2508.3328606371,"high":2508.5999408908,"low":2506.1377432611,"volume":43800},{" ... (88109 characters truncated) ... 05},{"datetime":"2024-01-10T15:30:00.000","close":2324.012905602,"open":2325.6443457971,"high":2329.0975223363,"low":2323.7128510435,"volume":28693}]', 608, 1)
2026-01-31 00:43:31,604 - sqlalchemy.engine.Engine - INFO - [generated in 0.00069s] ('5af2538d-304d-4334-8d20-c55a35fc896f', 'RELIANCE', '5minute', '2024-01-01', '2024-01-10', '[{"datetime":"2024-01-01T09:15:00.000","close":2506.6098936039,"open":2508.3328606371,"high":2508.5999408908,"low":2506.1377432611,"volume":43800},{" ... (88109 characters truncated) ... 05},{"datetime":"2024-01-10T15:30:00.000","close":2324.012905602,"open":2325.6443457971,"high":2329.0975223363,"low":2323.7128510435,"volume":28693}]', 608, 1)
2026-01-31 00:43:31,607 INFO sqlalchemy.engine.Engine COMMIT
2026-01-31 00:43:31,607 - sqlalchemy.engine.Engine - INFO - COMMIT
2026-01-31 00:43:31,613 - app.core.data.persistent_cache - INFO - Cache stored (DB) - RELIANCE 608 rows
2026-01-31 00:43:31,614 - app.api.v1.endpoints.backtest - DEBUG - Data cached persistently
2026-01-31 00:43:31,614 - app.api.v1.endpoints.backtest - DEBUG - Data ready - 608 candles received
2026-01-31 00:43:31,614 - app.core.backtest.executor - INFO - TradeExecutor initialized with brokerage_fee: 20.0
2026-01-31 00:43:31,614 - app.api.v1.endpoints.backtest - DEBUG - Running backtest engine for RELIANCE
2026-01-31 00:43:31,616 - app.core.backtest.validator - INFO - Date range valid: 9 days
2026-01-31 00:43:31,616 - app.core.backtest.validator - INFO - Capital valid: ₹50000.0
2026-01-31 00:43:31,616 - app.core.backtest.engine - INFO - Starting backtest - Symbol: RELIANCE, Algorithm: mean_reversion, Capital: 50000.0, Date Range: 2024-01-01 09:15:00 to 2024-01-10 15:30:00
2026-01-31 00:43:31,616 - app.core.backtest.engine - DEBUG - Algorithm Parameters: {'SMA_WINDOW': 20, 'Z_ENTRY': 1.5, 'Z_EXIT_THRESHOLD': 0.5}
2026-01-31 00:43:31,616 - app.core.algorithms.registry - INFO - Instantiating algorithm: mean_reversion
2026-01-31 00:43:31,617 - app.core.algorithms.mean_reversion - INFO - Parameters validated: {'SMA_WINDOW': 20, 'Z_ENTRY': 1.5, 'Z_EXIT_THRESHOLD': 0.5}
2026-01-31 00:43:31,617 - app.core.backtest.engine - INFO - Algorithm initialized: MeanReversionAlgorithm
2026-01-31 00:43:31,664 - app.core.algorithms.mean_reversion - INFO - Generated signals for 608 candles
2026-01-31 00:43:31,666 - app.core.backtest.engine - DEBUG - Signals generated for 589 candles
2026-01-31 00:43:31,666 - app.core.backtest.engine - DEBUG - Backtest loop started - Initial Capital: 50000.0
2026-01-31 00:43:31,670 - app.core.backtest.executor - DEBUG - ENTER_LONG - Capital: 50000.0, Price: 2493.0419038692567, Qty: 20, Cost: 49880.83807738513, Capital_after: 119.16192261486867
2026-01-31 00:43:31,670 - app.core.backtest.engine - INFO - SELL signal at 2024-01-01 11:55:00 - Price: 2493.0419038692567, Qty: 20, Z-Score: 2.4529
2026-01-31 00:43:31,673 - app.core.backtest.engine - INFO - Z-Score EXIT at 2024-01-01 12:40:00 - Type: SHORT, Price: 2467.405958969373, PnL: 512.72, Z-Score: -1.6366
2026-01-31 00:43:31,681 - app.core.backtest.executor - DEBUG - ENTER_LONG - Capital: 611.8808206125432, Price: 2496.976729633067, Qty: 0, Cost: 0.0, Capital_after: 611.8808206125432
2026-01-31 00:43:31,684 - app.core.backtest.executor - DEBUG - ENTER_LONG - Capital: 611.8808206125432, Price: 2440.2604492205664, Qty: 0, Cost: 0.0, Capital_after: 611.8808206125432
2026-01-31 00:43:31,688 - app.core.backtest.executor - DEBUG - ENTER_LONG - Capital: 611.8808206125432, Price: 2409.410691840969, Qty: 0, Cost: 0.0, Capital_after: 611.8808206125432
2026-01-31 00:43:31,693 - app.core.backtest.executor - DEBUG - ENTER_LONG - Capital: 611.8808206125432, Price: 2401.885561350267, Qty: 0, Cost: 0.0, Capital_after: 611.8808206125432
2026-01-31 00:43:31,694 - app.core.backtest.executor - DEBUG - ENTER_LONG - Capital: 611.8808206125432, Price: 2399.480842036264, Qty: 0, Cost: 0.0, Capital_after: 611.8808206125432
2026-01-31 00:43:31,696 - app.core.backtest.executor - DEBUG - ENTER_LONG - Capital: 611.8808206125432, Price: 2429.1873397096133, Qty: 0, Cost: 0.0, Capital_after: 611.8808206125432
2026-01-31 00:43:31,696 - app.core.backtest.executor - DEBUG - ENTER_LONG - Capital: 611.8808206125432, Price: 2441.2255222040167, Qty: 0, Cost: 0.0, Capital_after: 611.8808206125432
2026-01-31 00:43:31,701 - app.core.backtest.executor - DEBUG - ENTER_LONG - Capital: 611.8808206125432, Price: 2458.4197065607555, Qty: 0, Cost: 0.0, Capital_after: 611.8808206125432
2026-01-31 00:43:31,706 - app.core.backtest.executor - DEBUG - ENTER_LONG - Capital: 611.8808206125432, Price: 2437.0354118745054, Qty: 0, Cost: 0.0, Capital_after: 611.8808206125432
2026-01-31 00:43:31,713 - app.core.backtest.executor - DEBUG - ENTER_LONG - Capital: 611.8808206125432, Price: 2411.8785847388294, Qty: 0, Cost: 0.0, Capital_after: 611.8808206125432
2026-01-31 00:43:31,714 - app.core.backtest.executor - DEBUG - ENTER_LONG - Capital: 611.8808206125432, Price: 2382.586613273409, Qty: 0, Cost: 0.0, Capital_after: 611.8808206125432
2026-01-31 00:43:31,715 - app.core.backtest.executor - DEBUG - ENTER_LONG - Capital: 611.8808206125432, Price: 2370.660911059683, Qty: 0, Cost: 0.0, Capital_after: 611.8808206125432
2026-01-31 00:43:31,722 - app.core.backtest.executor - DEBUG - ENTER_LONG - Capital: 611.8808206125432, Price: 2363.6451180157405, Qty: 0, Cost: 0.0, Capital_after: 611.8808206125432
2026-01-31 00:43:31,724 - app.core.backtest.executor - DEBUG - ENTER_LONG - Capital: 611.8808206125432, Price: 2351.578304132289, Qty: 0, Cost: 0.0, Capital_after: 611.8808206125432
2026-01-31 00:43:31,728 - app.core.backtest.executor - DEBUG - ENTER_LONG - Capital: 611.8808206125432, Price: 2345.9393087368667, Qty: 0, Cost: 0.0, Capital_after: 611.8808206125432
2026-01-31 00:43:31,732 - app.core.backtest.executor - DEBUG - ENTER_LONG - Capital: 611.8808206125432, Price: 2365.078165152518, Qty: 0, Cost: 0.0, Capital_after: 611.8808206125432
2026-01-31 00:43:31,733 - app.core.backtest.executor - DEBUG - ENTER_LONG - Capital: 611.8808206125432, Price: 2377.059794856234, Qty: 0, Cost: 0.0, Capital_after: 611.8808206125432
2026-01-31 00:43:31,734 - app.core.backtest.executor - DEBUG - ENTER_LONG - Capital: 611.8808206125432, Price: 2387.0692239792975, Qty: 0, Cost: 0.0, Capital_after: 611.8808206125432
2026-01-31 00:43:31,735 - app.core.backtest.executor - DEBUG - ENTER_LONG - Capital: 611.8808206125432, Price: 2395.420497740621, Qty: 0, Cost: 0.0, Capital_after: 611.8808206125432
2026-01-31 00:43:31,739 - app.core.backtest.executor - DEBUG - ENTER_LONG - Capital: 611.8808206125432, Price: 2410.243676305179, Qty: 0, Cost: 0.0, Capital_after: 611.8808206125432
2026-01-31 00:43:31,748 - app.core.backtest.executor - DEBUG - ENTER_LONG - Capital: 611.8808206125432, Price: 2396.1510774188023, Qty: 0, Cost: 0.0, Capital_after: 611.8808206125432
2026-01-31 00:43:31,755 - app.core.backtest.executor - DEBUG - ENTER_LONG - Capital: 611.8808206125432, Price: 2386.397446773175, Qty: 0, Cost: 0.0, Capital_after: 611.8808206125432
2026-01-31 00:43:31,758 - app.core.backtest.executor - DEBUG - ENTER_LONG - Capital: 611.8808206125432, Price: 2373.0667125314785, Qty: 0, Cost: 0.0, Capital_after: 611.8808206125432
2026-01-31 00:43:31,760 - app.core.backtest.executor - DEBUG - ENTER_LONG - Capital: 611.8808206125432, Price: 2370.7459351032503, Qty: 0, Cost: 0.0, Capital_after: 611.8808206125432
2026-01-31 00:43:31,761 - app.core.backtest.executor - DEBUG - ENTER_LONG - Capital: 611.8808206125432, Price: 2366.4954905750933, Qty: 0, Cost: 0.0, Capital_after: 611.8808206125432
2026-01-31 00:43:31,764 - app.core.backtest.executor - DEBUG - ENTER_LONG - Capital: 611.8808206125432, Price: 2350.722737942126, Qty: 0, Cost: 0.0, Capital_after: 611.8808206125432
2026-01-31 00:43:31,770 - app.core.backtest.executor - DEBUG - ENTER_LONG - Capital: 611.8808206125432, Price: 2335.189259211158, Qty: 0, Cost: 0.0, Capital_after: 611.8808206125432
2026-01-31 00:43:31,771 - app.core.backtest.executor - DEBUG - ENTER_LONG - Capital: 611.8808206125432, Price: 2317.7776824170583, Qty: 0, Cost: 0.0, Capital_after: 611.8808206125432
2026-01-31 00:43:31,772 - app.core.backtest.executor - DEBUG - ENTER_LONG - Capital: 611.8808206125432, Price: 2310.9204576440343, Qty: 0, Cost: 0.0, Capital_after: 611.8808206125432
2026-01-31 00:43:31,772 - app.core.backtest.executor - DEBUG - ENTER_LONG - Capital: 611.8808206125432, Price: 2303.799235773668, Qty: 0, Cost: 0.0, Capital_after: 611.8808206125432
2026-01-31 00:43:31,779 - app.core.backtest.executor - DEBUG - ENTER_LONG - Capital: 611.8808206125432, Price: 2308.352594619335, Qty: 0, Cost: 0.0, Capital_after: 611.8808206125432
2026-01-31 00:43:31,780 - app.core.backtest.executor - DEBUG - ENTER_LONG - Capital: 611.8808206125432, Price: 2313.583304697598, Qty: 0, Cost: 0.0, Capital_after: 611.8808206125432
2026-01-31 00:43:31,781 - app.core.backtest.executor - DEBUG - ENTER_LONG - Capital: 611.8808206125432, Price: 2318.7326921854037, Qty: 0, Cost: 0.0, Capital_after: 611.8808206125432
2026-01-31 00:43:31,786 - app.core.backtest.executor - DEBUG - ENTER_LONG - Capital: 611.8808206125432, Price: 2310.8961099556604, Qty: 0, Cost: 0.0, Capital_after: 611.8808206125432
2026-01-31 00:43:31,800 - app.core.backtest.executor - DEBUG - ENTER_LONG - Capital: 611.8808206125432, Price: 2291.623576978888, Qty: 0, Cost: 0.0, Capital_after: 611.8808206125432
2026-01-31 00:43:31,800 - app.core.backtest.executor - DEBUG - ENTER_LONG - Capital: 611.8808206125432, Price: 2287.260818126508, Qty: 0, Cost: 0.0, Capital_after: 611.8808206125432
2026-01-31 00:43:31,802 - app.core.backtest.executor - DEBUG - ENTER_LONG - Capital: 611.8808206125432, Price: 2307.1790257726757, Qty: 0, Cost: 0.0, Capital_after: 611.8808206125432
2026-01-31 00:43:31,803 - app.core.backtest.executor - DEBUG - ENTER_LONG - Capital: 611.8808206125432, Price: 2315.1396733396577, Qty: 0, Cost: 0.0, Capital_after: 611.8808206125432
2026-01-31 00:43:31,803 - app.core.backtest.executor - DEBUG - ENTER_LONG - Capital: 611.8808206125432, Price: 2317.6050121072362, Qty: 0, Cost: 0.0, Capital_after: 611.8808206125432
2026-01-31 00:43:31,806 - app.core.backtest.executor - DEBUG - ENTER_LONG - Capital: 611.8808206125432, Price: 2327.881273036885, Qty: 0, Cost: 0.0, Capital_after: 611.8808206125432
2026-01-31 00:43:31,807 - app.core.backtest.executor - DEBUG - ENTER_LONG - Capital: 611.8808206125432, Price: 2335.9458961214905, Qty: 0, Cost: 0.0, Capital_after: 611.8808206125432
2026-01-31 00:43:31,811 - app.core.backtest.engine - INFO - Backtest completed - Symbol: RELIANCE, Total Trades: 2, Initial Capital: 50000.0, Final Capital: 611.8808206125432, Return: -98.78%
2026-01-31 00:43:31,814 INFO sqlalchemy.engine.Engine BEGIN (implicit)
2026-01-31 00:43:31,814 - sqlalchemy.engine.Engine - INFO - BEGIN (implicit)
2026-01-31 00:43:31,816 INFO sqlalchemy.engine.Engine INSERT INTO backtest_results (id, job_id, final_capital, total_return, return_percentage, total_trades, winning_trades, losing_trades, win_rate, max_drawdown, min_capital, sharpe_ratio, profit_factor, avg_trade_duration_minutes, best_trade_pnl, worst_trade_pnl, chart_data, created_at) VALUES (?, ?, ?, ?, ?, ?, ?, ?, ?, ?, ?, ?, ?, ?, ?, ?, ?, CURRENT_TIMESTAMP)
2026-01-31 00:43:31,816 - sqlalchemy.engine.Engine - INFO - INSERT INTO backtest_results (id, job_id, final_capital, total_return, return_percentage, total_trades, winning_trades, losing_trades, win_rate, max_drawdown, min_capital, sharpe_ratio, profit_factor, avg_trade_duration_minutes, best_trade_pnl, worst_trade_pnl, chart_data, created_at) VALUES (?, ?, ?, ?, ?, ?, ?, ?, ?, ?, ?, ?, ?, ?, ?, ?, ?, CURRENT_TIMESTAMP)
2026-01-31 00:43:31,816 INFO sqlalchemy.engine.Engine [generated in 0.00100s] ('a2c9391d-1c69-4530-9ecf-2ec7340a2d72', '4ec81544-8831-4b84-a1de-8d2fd9a0ca97', 611.88, -49388.12, -98.7762, 1, 1, 0, 0.0, None, None, None, None, None, None, None, '{"timestamps": ["2024-01-01T09:15:00", "2024-01-01T09:20:00", "2024-01-01T09:25:00", "2024-01-01T09:30:00", "2024-01-01T09:35:00", "2024-01-01T09:40: ... (25620 characters truncated) ... 3223534, 2327.9442919338007, 2322.0837893189387, 2323.352550771577, 2331.120015911363, 2324.0129056020282], "sma": [], "z_scores": [], "signals": []}')
2026-01-31 00:43:31,816 - sqlalchemy.engine.Engine - INFO - [generated in 0.00100s] ('a2c9391d-1c69-4530-9ecf-2ec7340a2d72', '4ec81544-8831-4b84-a1de-8d2fd9a0ca97', 611.88, -49388.12, -98.7762, 1, 1, 0, 0.0, None, None, None, None, None, None, None, '{"timestamps": ["2024-01-01T09:15:00", "2024-01-01T09:20:00", "2024-01-01T09:25:00", "2024-01-01T09:30:00", "2024-01-01T09:35:00", "2024-01-01T09:40: ... (25620 characters truncated) ... 3223534, 2327.9442919338007, 2322.0837893189387, 2323.352550771577, 2331.120015911363, 2324.0129056020282], "sma": [], "z_scores": [], "signals": []}')
2026-01-31 00:43:31,817 INFO sqlalchemy.engine.Engine COMMIT
2026-01-31 00:43:31,817 - sqlalchemy.engine.Engine - INFO - COMMIT
2026-01-31 00:43:31,829 INFO sqlalchemy.engine.Engine BEGIN (implicit)
2026-01-31 00:43:31,829 - sqlalchemy.engine.Engine - INFO - BEGIN (implicit)
2026-01-31 00:43:31,831 INFO sqlalchemy.engine.Engine SELECT backtest_results.id AS backtest_results_id, backtest_results.job_id AS backtest_results_job_id, backtest_results.final_capital AS backtest_results_final_capital, backtest_results.total_return AS backtest_results_total_return, backtest_results.return_percentage AS backtest_results_return_percentage, backtest_results.total_trades AS backtest_results_total_trades, backtest_results.winning_trades AS backtest_results_winning_trades, backtest_results.losing_trades AS backtest_results_losing_trades, backtest_results.win_rate AS backtest_results_win_rate, backtest_results.max_drawdown AS backtest_results_max_drawdown, backtest_results.min_capital AS backtest_results_min_capital, backtest_results.sharpe_ratio AS backtest_results_sharpe_ratio, backtest_results.profit_factor AS backtest_results_profit_factor, backtest_results.avg_trade_duration_minutes AS backtest_results_avg_trade_duration_minutes, backtest_results.best_trade_pnl AS backtest_results_best_trade_pnl, backtest_results.worst_trade_pnl AS backtest_results_worst_trade_pnl, backtest_results.chart_data AS backtest_results_chart_data, backtest_results.created_at AS backtest_results_created_at 
FROM backtest_results 
WHERE backtest_results.id = ?
2026-01-31 00:43:31,831 - sqlalchemy.engine.Engine - INFO - SELECT backtest_results.id AS backtest_results_id, backtest_results.job_id AS backtest_results_job_id, backtest_results.final_capital AS backtest_results_final_capital, backtest_results.total_return AS backtest_results_total_return, backtest_results.return_percentage AS backtest_results_return_percentage, backtest_results.total_trades AS backtest_results_total_trades, backtest_results.winning_trades AS backtest_results_winning_trades, backtest_results.losing_trades AS backtest_results_losing_trades, backtest_results.win_rate AS backtest_results_win_rate, backtest_results.max_drawdown AS backtest_results_max_drawdown, backtest_results.min_capital AS backtest_results_min_capital, backtest_results.sharpe_ratio AS backtest_results_sharpe_ratio, backtest_results.profit_factor AS backtest_results_profit_factor, backtest_results.avg_trade_duration_minutes AS backtest_results_avg_trade_duration_minutes, backtest_results.best_trade_pnl AS backtest_results_best_trade_pnl, backtest_results.worst_trade_pnl AS backtest_results_worst_trade_pnl, backtest_results.chart_data AS backtest_results_chart_data, backtest_results.created_at AS backtest_results_created_at 
FROM backtest_results 
WHERE backtest_results.id = ?
2026-01-31 00:43:31,831 INFO sqlalchemy.engine.Engine [generated in 0.00024s] ('a2c9391d-1c69-4530-9ecf-2ec7340a2d72',)
2026-01-31 00:43:31,831 - sqlalchemy.engine.Engine - INFO - [generated in 0.00024s] ('a2c9391d-1c69-4530-9ecf-2ec7340a2d72',)
2026-01-31 00:43:31,832 - app.api.v1.endpoints.backtest - INFO - Backtest result saved - Job ID: 4ec81544-8831-4b84-a1de-8d2fd9a0ca97, Final Capital: 611.88, Total Trades: 1
2026-01-31 00:43:31,835 INFO sqlalchemy.engine.Engine INSERT INTO trades (id, job_id, trade_sequence, trade_type, symbol, trade_time, price, quantity, brokerage_fee, capital_after, pnl, pnl_percentage, z_score, sma, created_at) VALUES (?, ?, ?, ?, ?, ?, ?, ?, ?, ?, ?, ?, ?, ?, CURRENT_TIMESTAMP)
2026-01-31 00:43:31,835 - sqlalchemy.engine.Engine - INFO - INSERT INTO trades (id, job_id, trade_sequence, trade_type, symbol, trade_time, price, quantity, brokerage_fee, capital_after, pnl, pnl_percentage, z_score, sma, created_at) VALUES (?, ?, ?, ?, ?, ?, ?, ?, ?, ?, ?, ?, ?, ?, CURRENT_TIMESTAMP)
2026-01-31 00:43:31,835 INFO sqlalchemy.engine.Engine [generated in 0.00032s] [('750bdd33-3e09-4c3a-aa16-7174f9c0b0aa', '4ec81544-8831-4b84-a1de-8d2fd9a0ca97', 1, 'SELL', 'RELIANCE', '2024-01-01 11:55:00.000000', 2493.0419038692567, 20, 20.0, 119.16, None, None, 2.4529186446815108, 2474.2562185029806), ('092408a0-f2cb-4e0b-b0c0-85b48082c11a', '4ec81544-8831-4b84-a1de-8d2fd9a0ca97', 2, 'EXIT', 'RELIANCE', '2024-01-01 12:40:00.000000', 2467.405958969373, 20, 20.0, 611.88, 512.72, None, -1.636594737102357, 2480.8538440884613)]
2026-01-31 00:43:31,835 - sqlalchemy.engine.Engine - INFO - [generated in 0.00032s] [('750bdd33-3e09-4c3a-aa16-7174f9c0b0aa', '4ec81544-8831-4b84-a1de-8d2fd9a0ca97', 1, 'SELL', 'RELIANCE', '2024-01-01 11:55:00.000000', 2493.0419038692567, 20, 20.0, 119.16, None, None, 2.4529186446815108, 2474.2562185029806), ('092408a0-f2cb-4e0b-b0c0-85b48082c11a', '4ec81544-8831-4b84-a1de-8d2fd9a0ca97', 2, 'EXIT', 'RELIANCE', '2024-01-01 12:40:00.000000', 2467.405958969373, 20, 20.0, 611.88, 512.72, None, -1.636594737102357, 2480.8538440884613)]
2026-01-31 00:43:31,836 INFO sqlalchemy.engine.Engine COMMIT
2026-01-31 00:43:31,836 - sqlalchemy.engine.Engine - INFO - COMMIT
2026-01-31 00:43:31,839 - app.api.v1.endpoints.backtest - DEBUG - All trades saved to database - Total: 2
2026-01-31 00:43:31,840 INFO sqlalchemy.engine.Engine BEGIN (implicit)
2026-01-31 00:43:31,840 - sqlalchemy.engine.Engine - INFO - BEGIN (implicit)
2026-01-31 00:43:31,842 INFO sqlalchemy.engine.Engine SELECT backtest_jobs.id AS backtest_jobs_id, backtest_jobs.symbol AS backtest_jobs_symbol, backtest_jobs.algorithm_id AS backtest_jobs_algorithm_id, backtest_jobs.parameters AS backtest_jobs_parameters, backtest_jobs.start_date AS backtest_jobs_start_date, backtest_jobs.end_date AS backtest_jobs_end_date, backtest_jobs.initial_capital AS backtest_jobs_initial_capital, backtest_jobs.allow_short AS backtest_jobs_allow_short, backtest_jobs.brokerage_fee AS backtest_jobs_brokerage_fee, backtest_jobs.error_message AS backtest_jobs_error_message, backtest_jobs.execution_time_ms AS backtest_jobs_execution_time_ms, backtest_jobs.created_at AS backtest_jobs_created_at, backtest_jobs.updated_at AS backtest_jobs_updated_at 
FROM backtest_jobs 
WHERE backtest_jobs.id = ?
2026-01-31 00:43:31,842 - sqlalchemy.engine.Engine - INFO - SELECT backtest_jobs.id AS backtest_jobs_id, backtest_jobs.symbol AS backtest_jobs_symbol, backtest_jobs.algorithm_id AS backtest_jobs_algorithm_id, backtest_jobs.parameters AS backtest_jobs_parameters, backtest_jobs.start_date AS backtest_jobs_start_date, backtest_jobs.end_date AS backtest_jobs_end_date, backtest_jobs.initial_capital AS backtest_jobs_initial_capital, backtest_jobs.allow_short AS backtest_jobs_allow_short, backtest_jobs.brokerage_fee AS backtest_jobs_brokerage_fee, backtest_jobs.error_message AS backtest_jobs_error_message, backtest_jobs.execution_time_ms AS backtest_jobs_execution_time_ms, backtest_jobs.created_at AS backtest_jobs_created_at, backtest_jobs.updated_at AS backtest_jobs_updated_at 
FROM backtest_jobs 
WHERE backtest_jobs.id = ?
2026-01-31 00:43:31,842 INFO sqlalchemy.engine.Engine [generated in 0.00023s] ('4ec81544-8831-4b84-a1de-8d2fd9a0ca97',)
2026-01-31 00:43:31,842 - sqlalchemy.engine.Engine - INFO - [generated in 0.00023s] ('4ec81544-8831-4b84-a1de-8d2fd9a0ca97',)
2026-01-31 00:43:31,843 INFO sqlalchemy.engine.Engine UPDATE backtest_jobs SET status=?, updated_at=CURRENT_TIMESTAMP WHERE backtest_jobs.id = ?
2026-01-31 00:43:31,843 - sqlalchemy.engine.Engine - INFO - UPDATE backtest_jobs SET status=?, updated_at=CURRENT_TIMESTAMP WHERE backtest_jobs.id = ?
2026-01-31 00:43:31,844 INFO sqlalchemy.engine.Engine [generated in 0.00021s] ('completed', '4ec81544-8831-4b84-a1de-8d2fd9a0ca97')
2026-01-31 00:43:31,844 - sqlalchemy.engine.Engine - INFO - [generated in 0.00021s] ('completed', '4ec81544-8831-4b84-a1de-8d2fd9a0ca97')
2026-01-31 00:43:31,844 INFO sqlalchemy.engine.Engine COMMIT
2026-01-31 00:43:31,844 - sqlalchemy.engine.Engine - INFO - COMMIT
2026-01-31 00:43:31,848 - app.api.v1.endpoints.backtest - INFO - Job 4ec81544-8831-4b84-a1de-8d2fd9a0ca97 completed successfully
INFO:     127.0.0.1:45952 - "POST /api/v1/backtest HTTP/1.1" 202 Accepted
2026-01-31 00:43:40,757 - app.api.v1.endpoints.backtest - INFO - New backtest request - Job ID: 9ed8871b-b3da-4650-8ea4-683ebc75d5b9, Symbol: RELIANCE, Algorithm: mean_reversion
2026-01-31 00:43:40,758 INFO sqlalchemy.engine.Engine BEGIN (implicit)
2026-01-31 00:43:40,758 - sqlalchemy.engine.Engine - INFO - BEGIN (implicit)
2026-01-31 00:43:40,759 INFO sqlalchemy.engine.Engine INSERT INTO backtest_jobs (id, symbol, algorithm_id, parameters, start_date, end_date, initial_capital, allow_short, brokerage_fee, status, error_message, execution_time_ms, created_at, updated_at) VALUES (?, ?, ?, ?, ?, ?, ?, ?, ?, ?, ?, ?, CURRENT_TIMESTAMP, CURRENT_TIMESTAMP)
2026-01-31 00:43:40,759 - sqlalchemy.engine.Engine - INFO - INSERT INTO backtest_jobs (id, symbol, algorithm_id, parameters, start_date, end_date, initial_capital, allow_short, brokerage_fee, status, error_message, execution_time_ms, created_at, updated_at) VALUES (?, ?, ?, ?, ?, ?, ?, ?, ?, ?, ?, ?, CURRENT_TIMESTAMP, CURRENT_TIMESTAMP)
2026-01-31 00:43:40,759 INFO sqlalchemy.engine.Engine [cached since 9.191s ago] ('9ed8871b-b3da-4650-8ea4-683ebc75d5b9', 'RELIANCE', 'mean_reversion', '{"SMA_WINDOW": 20, "Z_ENTRY": 1.5, "Z_EXIT_THRESHOLD": 0.5}', '2024-01-01', '2024-01-10', 50000.0, 1, 20.0, 'processing', None, None)
2026-01-31 00:43:40,759 - sqlalchemy.engine.Engine - INFO - [cached since 9.191s ago] ('9ed8871b-b3da-4650-8ea4-683ebc75d5b9', 'RELIANCE', 'mean_reversion', '{"SMA_WINDOW": 20, "Z_ENTRY": 1.5, "Z_EXIT_THRESHOLD": 0.5}', '2024-01-01', '2024-01-10', 50000.0, 1, 20.0, 'processing', None, None)
2026-01-31 00:43:40,762 INFO sqlalchemy.engine.Engine COMMIT
2026-01-31 00:43:40,762 - sqlalchemy.engine.Engine - INFO - COMMIT
2026-01-31 00:43:40,771 - app.api.v1.endpoints.backtest - DEBUG - Job 9ed8871b-b3da-4650-8ea4-683ebc75d5b9 created in database
2026-01-31 00:43:40,771 - app.api.v1.endpoints.backtest - DEBUG - Fetching data for RELIANCE from 2024-01-01 to 2024-01-10
2026-01-31 00:43:40,776 INFO sqlalchemy.engine.Engine BEGIN (implicit)
2026-01-31 00:43:40,776 - sqlalchemy.engine.Engine - INFO - BEGIN (implicit)
2026-01-31 00:43:40,777 INFO sqlalchemy.engine.Engine SELECT price_cache.id AS price_cache_id, price_cache.symbol AS price_cache_symbol, price_cache.interval AS price_cache_interval, price_cache.from_date AS price_cache_from_date, price_cache.to_date AS price_cache_to_date, price_cache.data_json AS price_cache_data_json, price_cache.cached_at AS price_cache_cached_at, price_cache.row_count AS price_cache_row_count, price_cache.last_accessed AS price_cache_last_accessed, price_cache.access_count AS price_cache_access_count 
FROM price_cache 
WHERE price_cache.symbol = ? AND price_cache.interval = ? AND price_cache.from_date = ? AND price_cache.to_date = ?
 LIMIT ? OFFSET ?
2026-01-31 00:43:40,777 - sqlalchemy.engine.Engine - INFO - SELECT price_cache.id AS price_cache_id, price_cache.symbol AS price_cache_symbol, price_cache.interval AS price_cache_interval, price_cache.from_date AS price_cache_from_date, price_cache.to_date AS price_cache_to_date, price_cache.data_json AS price_cache_data_json, price_cache.cached_at AS price_cache_cached_at, price_cache.row_count AS price_cache_row_count, price_cache.last_accessed AS price_cache_last_accessed, price_cache.access_count AS price_cache_access_count 
FROM price_cache 
WHERE price_cache.symbol = ? AND price_cache.interval = ? AND price_cache.from_date = ? AND price_cache.to_date = ?
 LIMIT ? OFFSET ?
2026-01-31 00:43:40,777 INFO sqlalchemy.engine.Engine [cached since 9.195s ago] ('RELIANCE', '5minute', '2024-01-01', '2024-01-10', 1, 0)
2026-01-31 00:43:40,777 - sqlalchemy.engine.Engine - INFO - [cached since 9.195s ago] ('RELIANCE', '5minute', '2024-01-01', '2024-01-10', 1, 0)
2026-01-31 00:43:40,781 INFO sqlalchemy.engine.Engine UPDATE price_cache SET last_accessed=?, access_count=? WHERE price_cache.id = ?
2026-01-31 00:43:40,781 - sqlalchemy.engine.Engine - INFO - UPDATE price_cache SET last_accessed=?, access_count=? WHERE price_cache.id = ?
2026-01-31 00:43:40,782 INFO sqlalchemy.engine.Engine [generated in 0.00040s] ('2026-01-31 00:43:40.779809', 2, '5af2538d-304d-4334-8d20-c55a35fc896f')
2026-01-31 00:43:40,782 - sqlalchemy.engine.Engine - INFO - [generated in 0.00040s] ('2026-01-31 00:43:40.779809', 2, '5af2538d-304d-4334-8d20-c55a35fc896f')
2026-01-31 00:43:40,783 INFO sqlalchemy.engine.Engine COMMIT
2026-01-31 00:43:40,783 - sqlalchemy.engine.Engine - INFO - COMMIT
2026-01-31 00:43:40,792 - app.core.data.persistent_cache - INFO - Cache hit (DB) - RELIANCE 2024-01-01-2024-01-10
2026-01-31 00:43:40,795 INFO sqlalchemy.engine.Engine BEGIN (implicit)
2026-01-31 00:43:40,795 - sqlalchemy.engine.Engine - INFO - BEGIN (implicit)
2026-01-31 00:43:40,798 INFO sqlalchemy.engine.Engine SELECT price_cache.id AS price_cache_id, price_cache.symbol AS price_cache_symbol, price_cache.interval AS price_cache_interval, price_cache.from_date AS price_cache_from_date, price_cache.to_date AS price_cache_to_date, price_cache.data_json AS price_cache_data_json, price_cache.cached_at AS price_cache_cached_at, price_cache.row_count AS price_cache_row_count, price_cache.last_accessed AS price_cache_last_accessed, price_cache.access_count AS price_cache_access_count 
FROM price_cache 
WHERE price_cache.id = ?
2026-01-31 00:43:40,798 - sqlalchemy.engine.Engine - INFO - SELECT price_cache.id AS price_cache_id, price_cache.symbol AS price_cache_symbol, price_cache.interval AS price_cache_interval, price_cache.from_date AS price_cache_from_date, price_cache.to_date AS price_cache_to_date, price_cache.data_json AS price_cache_data_json, price_cache.cached_at AS price_cache_cached_at, price_cache.row_count AS price_cache_row_count, price_cache.last_accessed AS price_cache_last_accessed, price_cache.access_count AS price_cache_access_count 
FROM price_cache 
WHERE price_cache.id = ?
2026-01-31 00:43:40,798 INFO sqlalchemy.engine.Engine [generated in 0.00043s] ('5af2538d-304d-4334-8d20-c55a35fc896f',)
2026-01-31 00:43:40,798 - sqlalchemy.engine.Engine - INFO - [generated in 0.00043s] ('5af2538d-304d-4334-8d20-c55a35fc896f',)
2026-01-31 00:43:40,818 INFO sqlalchemy.engine.Engine ROLLBACK
2026-01-31 00:43:40,818 - sqlalchemy.engine.Engine - INFO - ROLLBACK
2026-01-31 00:43:40,819 - app.api.v1.endpoints.backtest - DEBUG - Data retrieved from persistent cache
2026-01-31 00:43:40,819 - app.api.v1.endpoints.backtest - DEBUG - Data ready - 608 candles received
2026-01-31 00:43:40,819 - app.core.backtest.executor - INFO - TradeExecutor initialized with brokerage_fee: 20.0
2026-01-31 00:43:40,819 - app.api.v1.endpoints.backtest - DEBUG - Running backtest engine for RELIANCE
2026-01-31 00:43:40,820 - app.core.backtest.validator - INFO - Date range valid: 9 days
2026-01-31 00:43:40,820 - app.core.backtest.validator - INFO - Capital valid: ₹50000.0
2026-01-31 00:43:40,820 - app.core.backtest.engine - INFO - Starting backtest - Symbol: RELIANCE, Algorithm: mean_reversion, Capital: 50000.0, Date Range: 2024-01-01 09:15:00 to 2024-01-10 15:30:00
2026-01-31 00:43:40,820 - app.core.backtest.engine - DEBUG - Algorithm Parameters: {'SMA_WINDOW': 20, 'Z_ENTRY': 1.5, 'Z_EXIT_THRESHOLD': 0.5}
2026-01-31 00:43:40,820 - app.core.algorithms.registry - INFO - Instantiating algorithm: mean_reversion
2026-01-31 00:43:40,820 - app.core.algorithms.mean_reversion - INFO - Parameters validated: {'SMA_WINDOW': 20, 'Z_ENTRY': 1.5, 'Z_EXIT_THRESHOLD': 0.5}
2026-01-31 00:43:40,820 - app.core.backtest.engine - INFO - Algorithm initialized: MeanReversionAlgorithm
2026-01-31 00:43:40,863 - app.core.algorithms.mean_reversion - INFO - Generated signals for 608 candles
2026-01-31 00:43:40,864 - app.core.backtest.engine - DEBUG - Signals generated for 589 candles
2026-01-31 00:43:40,864 - app.core.backtest.engine - DEBUG - Backtest loop started - Initial Capital: 50000.0
2026-01-31 00:43:40,867 - app.core.backtest.executor - DEBUG - ENTER_LONG - Capital: 50000.0, Price: 2493.0419038693, Qty: 20, Cost: 49880.838077386, Capital_after: 119.16192261400283
2026-01-31 00:43:40,867 - app.core.backtest.engine - INFO - SELL signal at 2024-01-01 11:55:00 - Price: 2493.0419038693, Qty: 20, Z-Score: 2.4529
2026-01-31 00:43:40,869 - app.core.backtest.engine - INFO - Z-Score EXIT at 2024-01-01 12:40:00 - Type: SHORT, Price: 2467.4059589694, PnL: 512.72, Z-Score: -1.6366
2026-01-31 00:43:40,875 - app.core.backtest.executor - DEBUG - ENTER_LONG - Capital: 611.8808206119957, Price: 2496.9767296331, Qty: 0, Cost: 0.0, Capital_after: 611.8808206119957
2026-01-31 00:43:40,879 - app.core.backtest.executor - DEBUG - ENTER_LONG - Capital: 611.8808206119957, Price: 2440.2604492206, Qty: 0, Cost: 0.0, Capital_after: 611.8808206119957
2026-01-31 00:43:40,883 - app.core.backtest.executor - DEBUG - ENTER_LONG - Capital: 611.8808206119957, Price: 2409.410691841, Qty: 0, Cost: 0.0, Capital_after: 611.8808206119957
2026-01-31 00:43:40,885 - app.core.backtest.executor - DEBUG - ENTER_LONG - Capital: 611.8808206119957, Price: 2401.8855613503, Qty: 0, Cost: 0.0, Capital_after: 611.8808206119957
2026-01-31 00:43:40,886 - app.core.backtest.executor - DEBUG - ENTER_LONG - Capital: 611.8808206119957, Price: 2399.4808420363, Qty: 0, Cost: 0.0, Capital_after: 611.8808206119957
2026-01-31 00:43:40,887 - app.core.backtest.executor - DEBUG - ENTER_LONG - Capital: 611.8808206119957, Price: 2429.1873397096, Qty: 0, Cost: 0.0, Capital_after: 611.8808206119957
2026-01-31 00:43:40,888 - app.core.backtest.executor - DEBUG - ENTER_LONG - Capital: 611.8808206119957, Price: 2441.225522204, Qty: 0, Cost: 0.0, Capital_after: 611.8808206119957
2026-01-31 00:43:40,895 - app.core.backtest.executor - DEBUG - ENTER_LONG - Capital: 611.8808206119957, Price: 2458.4197065608, Qty: 0, Cost: 0.0, Capital_after: 611.8808206119957
2026-01-31 00:43:40,903 - app.core.backtest.executor - DEBUG - ENTER_LONG - Capital: 611.8808206119957, Price: 2437.0354118745, Qty: 0, Cost: 0.0, Capital_after: 611.8808206119957
2026-01-31 00:43:40,911 - app.core.backtest.executor - DEBUG - ENTER_LONG - Capital: 611.8808206119957, Price: 2411.8785847388, Qty: 0, Cost: 0.0, Capital_after: 611.8808206119957
2026-01-31 00:43:40,913 - app.core.backtest.executor - DEBUG - ENTER_LONG - Capital: 611.8808206119957, Price: 2382.5866132734, Qty: 0, Cost: 0.0, Capital_after: 611.8808206119957
2026-01-31 00:43:40,913 - app.core.backtest.executor - DEBUG - ENTER_LONG - Capital: 611.8808206119957, Price: 2370.6609110597, Qty: 0, Cost: 0.0, Capital_after: 611.8808206119957
2026-01-31 00:43:40,920 - app.core.backtest.executor - DEBUG - ENTER_LONG - Capital: 611.8808206119957, Price: 2363.6451180157, Qty: 0, Cost: 0.0, Capital_after: 611.8808206119957
2026-01-31 00:43:40,921 - app.core.backtest.executor - DEBUG - ENTER_LONG - Capital: 611.8808206119957, Price: 2351.5783041323, Qty: 0, Cost: 0.0, Capital_after: 611.8808206119957
2026-01-31 00:43:40,927 - app.core.backtest.executor - DEBUG - ENTER_LONG - Capital: 611.8808206119957, Price: 2345.9393087369, Qty: 0, Cost: 0.0, Capital_after: 611.8808206119957
2026-01-31 00:43:40,931 - app.core.backtest.executor - DEBUG - ENTER_LONG - Capital: 611.8808206119957, Price: 2365.0781651525, Qty: 0, Cost: 0.0, Capital_after: 611.8808206119957
2026-01-31 00:43:40,932 - app.core.backtest.executor - DEBUG - ENTER_LONG - Capital: 611.8808206119957, Price: 2377.0597948562, Qty: 0, Cost: 0.0, Capital_after: 611.8808206119957
2026-01-31 00:43:40,934 - app.core.backtest.executor - DEBUG - ENTER_LONG - Capital: 611.8808206119957, Price: 2387.0692239793, Qty: 0, Cost: 0.0, Capital_after: 611.8808206119957
2026-01-31 00:43:40,935 - app.core.backtest.executor - DEBUG - ENTER_LONG - Capital: 611.8808206119957, Price: 2395.4204977406, Qty: 0, Cost: 0.0, Capital_after: 611.8808206119957
2026-01-31 00:43:40,941 - app.core.backtest.executor - DEBUG - ENTER_LONG - Capital: 611.8808206119957, Price: 2410.2436763052, Qty: 0, Cost: 0.0, Capital_after: 611.8808206119957
2026-01-31 00:43:40,953 - app.core.backtest.executor - DEBUG - ENTER_LONG - Capital: 611.8808206119957, Price: 2396.1510774188, Qty: 0, Cost: 0.0, Capital_after: 611.8808206119957
2026-01-31 00:43:40,962 - app.core.backtest.executor - DEBUG - ENTER_LONG - Capital: 611.8808206119957, Price: 2386.3974467732, Qty: 0, Cost: 0.0, Capital_after: 611.8808206119957
2026-01-31 00:43:40,966 - app.core.backtest.executor - DEBUG - ENTER_LONG - Capital: 611.8808206119957, Price: 2373.0667125315, Qty: 0, Cost: 0.0, Capital_after: 611.8808206119957
2026-01-31 00:43:40,966 - app.core.backtest.executor - DEBUG - ENTER_LONG - Capital: 611.8808206119957, Price: 2370.7459351033, Qty: 0, Cost: 0.0, Capital_after: 611.8808206119957
2026-01-31 00:43:40,968 - app.core.backtest.executor - DEBUG - ENTER_LONG - Capital: 611.8808206119957, Price: 2366.4954905751, Qty: 0, Cost: 0.0, Capital_after: 611.8808206119957
2026-01-31 00:43:40,970 - app.core.backtest.executor - DEBUG - ENTER_LONG - Capital: 611.8808206119957, Price: 2350.7227379421, Qty: 0, Cost: 0.0, Capital_after: 611.8808206119957
2026-01-31 00:43:40,980 - app.core.backtest.executor - DEBUG - ENTER_LONG - Capital: 611.8808206119957, Price: 2335.1892592112, Qty: 0, Cost: 0.0, Capital_after: 611.8808206119957
2026-01-31 00:43:40,980 - app.core.backtest.executor - DEBUG - ENTER_LONG - Capital: 611.8808206119957, Price: 2317.7776824171, Qty: 0, Cost: 0.0, Capital_after: 611.8808206119957
2026-01-31 00:43:40,981 - app.core.backtest.executor - DEBUG - ENTER_LONG - Capital: 611.8808206119957, Price: 2310.920457644, Qty: 0, Cost: 0.0, Capital_after: 611.8808206119957
2026-01-31 00:43:40,982 - app.core.backtest.executor - DEBUG - ENTER_LONG - Capital: 611.8808206119957, Price: 2303.7992357737, Qty: 0, Cost: 0.0, Capital_after: 611.8808206119957
2026-01-31 00:43:40,988 - app.core.backtest.executor - DEBUG - ENTER_LONG - Capital: 611.8808206119957, Price: 2308.3525946193, Qty: 0, Cost: 0.0, Capital_after: 611.8808206119957
2026-01-31 00:43:40,991 - app.core.backtest.executor - DEBUG - ENTER_LONG - Capital: 611.8808206119957, Price: 2313.5833046976, Qty: 0, Cost: 0.0, Capital_after: 611.8808206119957
2026-01-31 00:43:40,993 - app.core.backtest.executor - DEBUG - ENTER_LONG - Capital: 611.8808206119957, Price: 2318.7326921854, Qty: 0, Cost: 0.0, Capital_after: 611.8808206119957
2026-01-31 00:43:40,999 - app.core.backtest.executor - DEBUG - ENTER_LONG - Capital: 611.8808206119957, Price: 2310.8961099557, Qty: 0, Cost: 0.0, Capital_after: 611.8808206119957
2026-01-31 00:43:41,016 - app.core.backtest.executor - DEBUG - ENTER_LONG - Capital: 611.8808206119957, Price: 2291.6235769789, Qty: 0, Cost: 0.0, Capital_after: 611.8808206119957
2026-01-31 00:43:41,017 - app.core.backtest.executor - DEBUG - ENTER_LONG - Capital: 611.8808206119957, Price: 2287.2608181265, Qty: 0, Cost: 0.0, Capital_after: 611.8808206119957
2026-01-31 00:43:41,020 - app.core.backtest.executor - DEBUG - ENTER_LONG - Capital: 611.8808206119957, Price: 2307.1790257727, Qty: 0, Cost: 0.0, Capital_after: 611.8808206119957
2026-01-31 00:43:41,020 - app.core.backtest.executor - DEBUG - ENTER_LONG - Capital: 611.8808206119957, Price: 2315.1396733397, Qty: 0, Cost: 0.0, Capital_after: 611.8808206119957
2026-01-31 00:43:41,021 - app.core.backtest.executor - DEBUG - ENTER_LONG - Capital: 611.8808206119957, Price: 2317.6050121072, Qty: 0, Cost: 0.0, Capital_after: 611.8808206119957
2026-01-31 00:43:41,028 - app.core.backtest.executor - DEBUG - ENTER_LONG - Capital: 611.8808206119957, Price: 2327.8812730369, Qty: 0, Cost: 0.0, Capital_after: 611.8808206119957
2026-01-31 00:43:41,029 - app.core.backtest.executor - DEBUG - ENTER_LONG - Capital: 611.8808206119957, Price: 2335.9458961215, Qty: 0, Cost: 0.0, Capital_after: 611.8808206119957
2026-01-31 00:43:41,036 - app.core.backtest.engine - INFO - Backtest completed - Symbol: RELIANCE, Total Trades: 2, Initial Capital: 50000.0, Final Capital: 611.8808206119957, Return: -98.78%
2026-01-31 00:43:41,040 INFO sqlalchemy.engine.Engine BEGIN (implicit)
2026-01-31 00:43:41,040 - sqlalchemy.engine.Engine - INFO - BEGIN (implicit)
2026-01-31 00:43:41,041 INFO sqlalchemy.engine.Engine INSERT INTO backtest_results (id, job_id, final_capital, total_return, return_percentage, total_trades, winning_trades, losing_trades, win_rate, max_drawdown, min_capital, sharpe_ratio, profit_factor, avg_trade_duration_minutes, best_trade_pnl, worst_trade_pnl, chart_data, created_at) VALUES (?, ?, ?, ?, ?, ?, ?, ?, ?, ?, ?, ?, ?, ?, ?, ?, ?, CURRENT_TIMESTAMP)
2026-01-31 00:43:41,041 - sqlalchemy.engine.Engine - INFO - INSERT INTO backtest_results (id, job_id, final_capital, total_return, return_percentage, total_trades, winning_trades, losing_trades, win_rate, max_drawdown, min_capital, sharpe_ratio, profit_factor, avg_trade_duration_minutes, best_trade_pnl, worst_trade_pnl, chart_data, created_at) VALUES (?, ?, ?, ?, ?, ?, ?, ?, ?, ?, ?, ?, ?, ?, ?, ?, ?, CURRENT_TIMESTAMP)
2026-01-31 00:43:41,042 INFO sqlalchemy.engine.Engine [cached since 9.227s ago] ('18894c28-48b4-40ec-870d-403411aaec7f', '9ed8871b-b3da-4650-8ea4-683ebc75d5b9', 611.88, -49388.12, -98.7762, 1, 1, 0, 0.0, None, None, None, None, None, None, None, '{"timestamps": ["2024-01-01T09:15:00", "2024-01-01T09:20:00", "2024-01-01T09:25:00", "2024-01-01T09:30:00", "2024-01-01T09:35:00", "2024-01-01T09:40: ... (24026 characters truncated) ... 3939, 2326.5814333224, 2327.9442919338, 2322.0837893189, 2323.3525507716, 2331.1200159114, 2324.012905602], "sma": [], "z_scores": [], "signals": []}')
2026-01-31 00:43:41,042 - sqlalchemy.engine.Engine - INFO - [cached since 9.227s ago] ('18894c28-48b4-40ec-870d-403411aaec7f', '9ed8871b-b3da-4650-8ea4-683ebc75d5b9', 611.88, -49388.12, -98.7762, 1, 1, 0, 0.0, None, None, None, None, None, None, None, '{"timestamps": ["2024-01-01T09:15:00", "2024-01-01T09:20:00", "2024-01-01T09:25:00", "2024-01-01T09:30:00", "2024-01-01T09:35:00", "2024-01-01T09:40: ... (24026 characters truncated) ... 3939, 2326.5814333224, 2327.9442919338, 2322.0837893189, 2323.3525507716, 2331.1200159114, 2324.012905602], "sma": [], "z_scores": [], "signals": []}')
2026-01-31 00:43:41,044 INFO sqlalchemy.engine.Engine COMMIT
2026-01-31 00:43:41,044 - sqlalchemy.engine.Engine - INFO - COMMIT
2026-01-31 00:43:41,053 INFO sqlalchemy.engine.Engine BEGIN (implicit)
2026-01-31 00:43:41,053 - sqlalchemy.engine.Engine - INFO - BEGIN (implicit)
2026-01-31 00:43:41,053 INFO sqlalchemy.engine.Engine SELECT backtest_results.id AS backtest_results_id, backtest_results.job_id AS backtest_results_job_id, backtest_results.final_capital AS backtest_results_final_capital, backtest_results.total_return AS backtest_results_total_return, backtest_results.return_percentage AS backtest_results_return_percentage, backtest_results.total_trades AS backtest_results_total_trades, backtest_results.winning_trades AS backtest_results_winning_trades, backtest_results.losing_trades AS backtest_results_losing_trades, backtest_results.win_rate AS backtest_results_win_rate, backtest_results.max_drawdown AS backtest_results_max_drawdown, backtest_results.min_capital AS backtest_results_min_capital, backtest_results.sharpe_ratio AS backtest_results_sharpe_ratio, backtest_results.profit_factor AS backtest_results_profit_factor, backtest_results.avg_trade_duration_minutes AS backtest_results_avg_trade_duration_minutes, backtest_results.best_trade_pnl AS backtest_results_best_trade_pnl, backtest_results.worst_trade_pnl AS backtest_results_worst_trade_pnl, backtest_results.chart_data AS backtest_results_chart_data, backtest_results.created_at AS backtest_results_created_at 
FROM backtest_results 
WHERE backtest_results.id = ?
2026-01-31 00:43:41,053 - sqlalchemy.engine.Engine - INFO - SELECT backtest_results.id AS backtest_results_id, backtest_results.job_id AS backtest_results_job_id, backtest_results.final_capital AS backtest_results_final_capital, backtest_results.total_return AS backtest_results_total_return, backtest_results.return_percentage AS backtest_results_return_percentage, backtest_results.total_trades AS backtest_results_total_trades, backtest_results.winning_trades AS backtest_results_winning_trades, backtest_results.losing_trades AS backtest_results_losing_trades, backtest_results.win_rate AS backtest_results_win_rate, backtest_results.max_drawdown AS backtest_results_max_drawdown, backtest_results.min_capital AS backtest_results_min_capital, backtest_results.sharpe_ratio AS backtest_results_sharpe_ratio, backtest_results.profit_factor AS backtest_results_profit_factor, backtest_results.avg_trade_duration_minutes AS backtest_results_avg_trade_duration_minutes, backtest_results.best_trade_pnl AS backtest_results_best_trade_pnl, backtest_results.worst_trade_pnl AS backtest_results_worst_trade_pnl, backtest_results.chart_data AS backtest_results_chart_data, backtest_results.created_at AS backtest_results_created_at 
FROM backtest_results 
WHERE backtest_results.id = ?
2026-01-31 00:43:41,054 INFO sqlalchemy.engine.Engine [cached since 9.223s ago] ('18894c28-48b4-40ec-870d-403411aaec7f',)
2026-01-31 00:43:41,054 - sqlalchemy.engine.Engine - INFO - [cached since 9.223s ago] ('18894c28-48b4-40ec-870d-403411aaec7f',)
2026-01-31 00:43:41,054 - app.api.v1.endpoints.backtest - INFO - Backtest result saved - Job ID: 9ed8871b-b3da-4650-8ea4-683ebc75d5b9, Final Capital: 611.88, Total Trades: 1
2026-01-31 00:43:41,055 INFO sqlalchemy.engine.Engine INSERT INTO trades (id, job_id, trade_sequence, trade_type, symbol, trade_time, price, quantity, brokerage_fee, capital_after, pnl, pnl_percentage, z_score, sma, created_at) VALUES (?, ?, ?, ?, ?, ?, ?, ?, ?, ?, ?, ?, ?, ?, CURRENT_TIMESTAMP)
2026-01-31 00:43:41,055 - sqlalchemy.engine.Engine - INFO - INSERT INTO trades (id, job_id, trade_sequence, trade_type, symbol, trade_time, price, quantity, brokerage_fee, capital_after, pnl, pnl_percentage, z_score, sma, created_at) VALUES (?, ?, ?, ?, ?, ?, ?, ?, ?, ?, ?, ?, ?, ?, CURRENT_TIMESTAMP)
2026-01-31 00:43:41,055 INFO sqlalchemy.engine.Engine [cached since 9.221s ago] [('a027b987-b124-4ea1-b966-18f0cf6026c9', '9ed8871b-b3da-4650-8ea4-683ebc75d5b9', 1, 'SELL', 'RELIANCE', '2024-01-01 11:55:00.000000', 2493.0419038693, 20, 20.0, 119.16, None, None, 2.452918644686723, 2474.25621850299), ('ea523ef4-56b1-49ff-88fa-2548c69763d7', '9ed8871b-b3da-4650-8ea4-683ebc75d5b9', 2, 'EXIT', 'RELIANCE', '2024-01-01 12:40:00.000000', 2467.4059589694, 20, 20.0, 611.88, 512.72, None, -1.6365947370999916, 2480.853844088465)]
2026-01-31 00:43:41,055 - sqlalchemy.engine.Engine - INFO - [cached since 9.221s ago] [('a027b987-b124-4ea1-b966-18f0cf6026c9', '9ed8871b-b3da-4650-8ea4-683ebc75d5b9', 1, 'SELL', 'RELIANCE', '2024-01-01 11:55:00.000000', 2493.0419038693, 20, 20.0, 119.16, None, None, 2.452918644686723, 2474.25621850299), ('ea523ef4-56b1-49ff-88fa-2548c69763d7', '9ed8871b-b3da-4650-8ea4-683ebc75d5b9', 2, 'EXIT', 'RELIANCE', '2024-01-01 12:40:00.000000', 2467.4059589694, 20, 20.0, 611.88, 512.72, None, -1.6365947370999916, 2480.853844088465)]
2026-01-31 00:43:41,057 INFO sqlalchemy.engine.Engine COMMIT
2026-01-31 00:43:41,057 - sqlalchemy.engine.Engine - INFO - COMMIT
2026-01-31 00:43:41,060 - app.api.v1.endpoints.backtest - DEBUG - All trades saved to database - Total: 2
2026-01-31 00:43:41,061 INFO sqlalchemy.engine.Engine BEGIN (implicit)
2026-01-31 00:43:41,061 - sqlalchemy.engine.Engine - INFO - BEGIN (implicit)
2026-01-31 00:43:41,062 INFO sqlalchemy.engine.Engine SELECT backtest_jobs.id AS backtest_jobs_id, backtest_jobs.symbol AS backtest_jobs_symbol, backtest_jobs.algorithm_id AS backtest_jobs_algorithm_id, backtest_jobs.parameters AS backtest_jobs_parameters, backtest_jobs.start_date AS backtest_jobs_start_date, backtest_jobs.end_date AS backtest_jobs_end_date, backtest_jobs.initial_capital AS backtest_jobs_initial_capital, backtest_jobs.allow_short AS backtest_jobs_allow_short, backtest_jobs.brokerage_fee AS backtest_jobs_brokerage_fee, backtest_jobs.error_message AS backtest_jobs_error_message, backtest_jobs.execution_time_ms AS backtest_jobs_execution_time_ms, backtest_jobs.created_at AS backtest_jobs_created_at, backtest_jobs.updated_at AS backtest_jobs_updated_at 
FROM backtest_jobs 
WHERE backtest_jobs.id = ?
2026-01-31 00:43:41,062 - sqlalchemy.engine.Engine - INFO - SELECT backtest_jobs.id AS backtest_jobs_id, backtest_jobs.symbol AS backtest_jobs_symbol, backtest_jobs.algorithm_id AS backtest_jobs_algorithm_id, backtest_jobs.parameters AS backtest_jobs_parameters, backtest_jobs.start_date AS backtest_jobs_start_date, backtest_jobs.end_date AS backtest_jobs_end_date, backtest_jobs.initial_capital AS backtest_jobs_initial_capital, backtest_jobs.allow_short AS backtest_jobs_allow_short, backtest_jobs.brokerage_fee AS backtest_jobs_brokerage_fee, backtest_jobs.error_message AS backtest_jobs_error_message, backtest_jobs.execution_time_ms AS backtest_jobs_execution_time_ms, backtest_jobs.created_at AS backtest_jobs_created_at, backtest_jobs.updated_at AS backtest_jobs_updated_at 
FROM backtest_jobs 
WHERE backtest_jobs.id = ?
2026-01-31 00:43:41,062 INFO sqlalchemy.engine.Engine [cached since 9.221s ago] ('9ed8871b-b3da-4650-8ea4-683ebc75d5b9',)
2026-01-31 00:43:41,062 - sqlalchemy.engine.Engine - INFO - [cached since 9.221s ago] ('9ed8871b-b3da-4650-8ea4-683ebc75d5b9',)
2026-01-31 00:43:41,063 INFO sqlalchemy.engine.Engine UPDATE backtest_jobs SET status=?, updated_at=CURRENT_TIMESTAMP WHERE backtest_jobs.id = ?
2026-01-31 00:43:41,063 - sqlalchemy.engine.Engine - INFO - UPDATE backtest_jobs SET status=?, updated_at=CURRENT_TIMESTAMP WHERE backtest_jobs.id = ?
2026-01-31 00:43:41,063 INFO sqlalchemy.engine.Engine [cached since 9.22s ago] ('completed', '9ed8871b-b3da-4650-8ea4-683ebc75d5b9')
2026-01-31 00:43:41,063 - sqlalchemy.engine.Engine - INFO - [cached since 9.22s ago] ('completed', '9ed8871b-b3da-4650-8ea4-683ebc75d5b9')
2026-01-31 00:43:41,064 INFO sqlalchemy.engine.Engine COMMIT
2026-01-31 00:43:41,064 - sqlalchemy.engine.Engine - INFO - COMMIT
2026-01-31 00:43:41,067 - app.api.v1.endpoints.backtest - INFO - Job 9ed8871b-b3da-4650-8ea4-683ebc75d5b9 completed successfully
INFO:     127.0.0.1:53292 - "POST /api/v1/backtest HTTP/1.1" 202 Accepted
2026-01-31 00:43:44,443 INFO sqlalchemy.engine.Engine BEGIN (implicit)
2026-01-31 00:43:44,443 - sqlalchemy.engine.Engine - INFO - BEGIN (implicit)
2026-01-31 00:43:44,445 INFO sqlalchemy.engine.Engine SELECT price_cache.id AS price_cache_id, price_cache.symbol AS price_cache_symbol, price_cache.interval AS price_cache_interval, price_cache.from_date AS price_cache_from_date, price_cache.to_date AS price_cache_to_date, price_cache.data_json AS price_cache_data_json, price_cache.cached_at AS price_cache_cached_at, price_cache.row_count AS price_cache_row_count, price_cache.last_accessed AS price_cache_last_accessed, price_cache.access_count AS price_cache_access_count 
FROM price_cache
2026-01-31 00:43:44,445 - sqlalchemy.engine.Engine - INFO - SELECT price_cache.id AS price_cache_id, price_cache.symbol AS price_cache_symbol, price_cache.interval AS price_cache_interval, price_cache.from_date AS price_cache_from_date, price_cache.to_date AS price_cache_to_date, price_cache.data_json AS price_cache_data_json, price_cache.cached_at AS price_cache_cached_at, price_cache.row_count AS price_cache_row_count, price_cache.last_accessed AS price_cache_last_accessed, price_cache.access_count AS price_cache_access_count 
FROM price_cache
2026-01-31 00:43:44,445 INFO sqlalchemy.engine.Engine [cached since 26.02s ago] ()
2026-01-31 00:43:44,445 - sqlalchemy.engine.Engine - INFO - [cached since 26.02s ago] ()
2026-01-31 00:43:44,448 INFO sqlalchemy.engine.Engine ROLLBACK
2026-01-31 00:43:44,448 - sqlalchemy.engine.Engine - INFO - ROLLBACK
INFO:     127.0.0.1:53308 - "GET /api/v1/cache/stats HTTP/1.1" 200 OK
2026-01-31 00:43:52,606 - app.api.v1.endpoints.backtest - INFO - New backtest request - Job ID: 65902cf7-4d0d-47c9-978b-f6bdca6fd180, Symbol: RELIANCE, Algorithm: mean_reversion
2026-01-31 00:43:52,606 INFO sqlalchemy.engine.Engine BEGIN (implicit)
2026-01-31 00:43:52,606 - sqlalchemy.engine.Engine - INFO - BEGIN (implicit)
2026-01-31 00:43:52,607 INFO sqlalchemy.engine.Engine INSERT INTO backtest_jobs (id, symbol, algorithm_id, parameters, start_date, end_date, initial_capital, allow_short, brokerage_fee, status, error_message, execution_time_ms, created_at, updated_at) VALUES (?, ?, ?, ?, ?, ?, ?, ?, ?, ?, ?, ?, CURRENT_TIMESTAMP, CURRENT_TIMESTAMP)
2026-01-31 00:43:52,607 - sqlalchemy.engine.Engine - INFO - INSERT INTO backtest_jobs (id, symbol, algorithm_id, parameters, start_date, end_date, initial_capital, allow_short, brokerage_fee, status, error_message, execution_time_ms, created_at, updated_at) VALUES (?, ?, ?, ?, ?, ?, ?, ?, ?, ?, ?, ?, CURRENT_TIMESTAMP, CURRENT_TIMESTAMP)
2026-01-31 00:43:52,607 INFO sqlalchemy.engine.Engine [cached since 21.04s ago] ('65902cf7-4d0d-47c9-978b-f6bdca6fd180', 'RELIANCE', 'mean_reversion', '{"SMA_WINDOW": 20, "Z_ENTRY": 1.5, "Z_EXIT_THRESHOLD": 0.5}', '2024-01-01', '2024-01-10', 50000.0, 1, 20.0, 'processing', None, None)
2026-01-31 00:43:52,607 - sqlalchemy.engine.Engine - INFO - [cached since 21.04s ago] ('65902cf7-4d0d-47c9-978b-f6bdca6fd180', 'RELIANCE', 'mean_reversion', '{"SMA_WINDOW": 20, "Z_ENTRY": 1.5, "Z_EXIT_THRESHOLD": 0.5}', '2024-01-01', '2024-01-10', 50000.0, 1, 20.0, 'processing', None, None)
2026-01-31 00:43:52,608 INFO sqlalchemy.engine.Engine COMMIT
2026-01-31 00:43:52,608 - sqlalchemy.engine.Engine - INFO - COMMIT
2026-01-31 00:43:52,619 - app.api.v1.endpoints.backtest - DEBUG - Job 65902cf7-4d0d-47c9-978b-f6bdca6fd180 created in database
2026-01-31 00:43:52,619 - app.api.v1.endpoints.backtest - DEBUG - Fetching data for RELIANCE from 2024-01-01 to 2024-01-10
2026-01-31 00:43:52,622 INFO sqlalchemy.engine.Engine BEGIN (implicit)
2026-01-31 00:43:52,622 - sqlalchemy.engine.Engine - INFO - BEGIN (implicit)
2026-01-31 00:43:52,622 INFO sqlalchemy.engine.Engine SELECT price_cache.id AS price_cache_id, price_cache.symbol AS price_cache_symbol, price_cache.interval AS price_cache_interval, price_cache.from_date AS price_cache_from_date, price_cache.to_date AS price_cache_to_date, price_cache.data_json AS price_cache_data_json, price_cache.cached_at AS price_cache_cached_at, price_cache.row_count AS price_cache_row_count, price_cache.last_accessed AS price_cache_last_accessed, price_cache.access_count AS price_cache_access_count 
FROM price_cache 
WHERE price_cache.symbol = ? AND price_cache.interval = ? AND price_cache.from_date = ? AND price_cache.to_date = ?
 LIMIT ? OFFSET ?
2026-01-31 00:43:52,622 - sqlalchemy.engine.Engine - INFO - SELECT price_cache.id AS price_cache_id, price_cache.symbol AS price_cache_symbol, price_cache.interval AS price_cache_interval, price_cache.from_date AS price_cache_from_date, price_cache.to_date AS price_cache_to_date, price_cache.data_json AS price_cache_data_json, price_cache.cached_at AS price_cache_cached_at, price_cache.row_count AS price_cache_row_count, price_cache.last_accessed AS price_cache_last_accessed, price_cache.access_count AS price_cache_access_count 
FROM price_cache 
WHERE price_cache.symbol = ? AND price_cache.interval = ? AND price_cache.from_date = ? AND price_cache.to_date = ?
 LIMIT ? OFFSET ?
2026-01-31 00:43:52,623 INFO sqlalchemy.engine.Engine [cached since 21.04s ago] ('RELIANCE', '5minute', '2024-01-01', '2024-01-10', 1, 0)
2026-01-31 00:43:52,623 - sqlalchemy.engine.Engine - INFO - [cached since 21.04s ago] ('RELIANCE', '5minute', '2024-01-01', '2024-01-10', 1, 0)
2026-01-31 00:43:52,625 INFO sqlalchemy.engine.Engine UPDATE price_cache SET last_accessed=?, access_count=? WHERE price_cache.id = ?
2026-01-31 00:43:52,625 - sqlalchemy.engine.Engine - INFO - UPDATE price_cache SET last_accessed=?, access_count=? WHERE price_cache.id = ?
2026-01-31 00:43:52,625 INFO sqlalchemy.engine.Engine [cached since 11.84s ago] ('2026-01-31 00:43:52.624359', 3, '5af2538d-304d-4334-8d20-c55a35fc896f')
2026-01-31 00:43:52,625 - sqlalchemy.engine.Engine - INFO - [cached since 11.84s ago] ('2026-01-31 00:43:52.624359', 3, '5af2538d-304d-4334-8d20-c55a35fc896f')
2026-01-31 00:43:52,626 INFO sqlalchemy.engine.Engine COMMIT
2026-01-31 00:43:52,626 - sqlalchemy.engine.Engine - INFO - COMMIT
2026-01-31 00:43:52,630 - app.core.data.persistent_cache - INFO - Cache hit (DB) - RELIANCE 2024-01-01-2024-01-10
2026-01-31 00:43:52,631 INFO sqlalchemy.engine.Engine BEGIN (implicit)
2026-01-31 00:43:52,631 - sqlalchemy.engine.Engine - INFO - BEGIN (implicit)
2026-01-31 00:43:52,631 INFO sqlalchemy.engine.Engine SELECT price_cache.id AS price_cache_id, price_cache.symbol AS price_cache_symbol, price_cache.interval AS price_cache_interval, price_cache.from_date AS price_cache_from_date, price_cache.to_date AS price_cache_to_date, price_cache.data_json AS price_cache_data_json, price_cache.cached_at AS price_cache_cached_at, price_cache.row_count AS price_cache_row_count, price_cache.last_accessed AS price_cache_last_accessed, price_cache.access_count AS price_cache_access_count 
FROM price_cache 
WHERE price_cache.id = ?
2026-01-31 00:43:52,631 - sqlalchemy.engine.Engine - INFO - SELECT price_cache.id AS price_cache_id, price_cache.symbol AS price_cache_symbol, price_cache.interval AS price_cache_interval, price_cache.from_date AS price_cache_from_date, price_cache.to_date AS price_cache_to_date, price_cache.data_json AS price_cache_data_json, price_cache.cached_at AS price_cache_cached_at, price_cache.row_count AS price_cache_row_count, price_cache.last_accessed AS price_cache_last_accessed, price_cache.access_count AS price_cache_access_count 
FROM price_cache 
WHERE price_cache.id = ?
2026-01-31 00:43:52,631 INFO sqlalchemy.engine.Engine [cached since 11.83s ago] ('5af2538d-304d-4334-8d20-c55a35fc896f',)
2026-01-31 00:43:52,631 - sqlalchemy.engine.Engine - INFO - [cached since 11.83s ago] ('5af2538d-304d-4334-8d20-c55a35fc896f',)
2026-01-31 00:43:52,660 INFO sqlalchemy.engine.Engine ROLLBACK
2026-01-31 00:43:52,660 - sqlalchemy.engine.Engine - INFO - ROLLBACK
2026-01-31 00:43:52,660 - app.api.v1.endpoints.backtest - DEBUG - Data retrieved from persistent cache
2026-01-31 00:43:52,660 - app.api.v1.endpoints.backtest - DEBUG - Data ready - 608 candles received
2026-01-31 00:43:52,660 - app.core.backtest.executor - INFO - TradeExecutor initialized with brokerage_fee: 20.0
2026-01-31 00:43:52,661 - app.api.v1.endpoints.backtest - DEBUG - Running backtest engine for RELIANCE
2026-01-31 00:43:52,662 - app.core.backtest.validator - INFO - Date range valid: 9 days
2026-01-31 00:43:52,662 - app.core.backtest.validator - INFO - Capital valid: ₹50000.0
2026-01-31 00:43:52,662 - app.core.backtest.engine - INFO - Starting backtest - Symbol: RELIANCE, Algorithm: mean_reversion, Capital: 50000.0, Date Range: 2024-01-01 09:15:00 to 2024-01-10 15:30:00
2026-01-31 00:43:52,662 - app.core.backtest.engine - DEBUG - Algorithm Parameters: {'SMA_WINDOW': 20, 'Z_ENTRY': 1.5, 'Z_EXIT_THRESHOLD': 0.5}
2026-01-31 00:43:52,662 - app.core.algorithms.registry - INFO - Instantiating algorithm: mean_reversion
2026-01-31 00:43:52,663 - app.core.algorithms.mean_reversion - INFO - Parameters validated: {'SMA_WINDOW': 20, 'Z_ENTRY': 1.5, 'Z_EXIT_THRESHOLD': 0.5}
2026-01-31 00:43:52,663 - app.core.backtest.engine - INFO - Algorithm initialized: MeanReversionAlgorithm
2026-01-31 00:43:52,701 - app.core.algorithms.mean_reversion - INFO - Generated signals for 608 candles
2026-01-31 00:43:52,703 - app.core.backtest.engine - DEBUG - Signals generated for 589 candles
2026-01-31 00:43:52,703 - app.core.backtest.engine - DEBUG - Backtest loop started - Initial Capital: 50000.0
2026-01-31 00:43:52,709 - app.core.backtest.executor - DEBUG - ENTER_LONG - Capital: 50000.0, Price: 2493.0419038693, Qty: 20, Cost: 49880.838077386, Capital_after: 119.16192261400283
2026-01-31 00:43:52,710 - app.core.backtest.engine - INFO - SELL signal at 2024-01-01 11:55:00 - Price: 2493.0419038693, Qty: 20, Z-Score: 2.4529
2026-01-31 00:43:52,712 - app.core.backtest.engine - INFO - Z-Score EXIT at 2024-01-01 12:40:00 - Type: SHORT, Price: 2467.4059589694, PnL: 512.72, Z-Score: -1.6366
2026-01-31 00:43:52,716 - app.core.backtest.executor - DEBUG - ENTER_LONG - Capital: 611.8808206119957, Price: 2496.9767296331, Qty: 0, Cost: 0.0, Capital_after: 611.8808206119957
2026-01-31 00:43:52,720 - app.core.backtest.executor - DEBUG - ENTER_LONG - Capital: 611.8808206119957, Price: 2440.2604492206, Qty: 0, Cost: 0.0, Capital_after: 611.8808206119957
2026-01-31 00:43:52,727 - app.core.backtest.executor - DEBUG - ENTER_LONG - Capital: 611.8808206119957, Price: 2409.410691841, Qty: 0, Cost: 0.0, Capital_after: 611.8808206119957
2026-01-31 00:43:52,729 - app.core.backtest.executor - DEBUG - ENTER_LONG - Capital: 611.8808206119957, Price: 2401.8855613503, Qty: 0, Cost: 0.0, Capital_after: 611.8808206119957
2026-01-31 00:43:52,730 - app.core.backtest.executor - DEBUG - ENTER_LONG - Capital: 611.8808206119957, Price: 2399.4808420363, Qty: 0, Cost: 0.0, Capital_after: 611.8808206119957
2026-01-31 00:43:52,731 - app.core.backtest.executor - DEBUG - ENTER_LONG - Capital: 611.8808206119957, Price: 2429.1873397096, Qty: 0, Cost: 0.0, Capital_after: 611.8808206119957
2026-01-31 00:43:52,732 - app.core.backtest.executor - DEBUG - ENTER_LONG - Capital: 611.8808206119957, Price: 2441.225522204, Qty: 0, Cost: 0.0, Capital_after: 611.8808206119957
2026-01-31 00:43:52,737 - app.core.backtest.executor - DEBUG - ENTER_LONG - Capital: 611.8808206119957, Price: 2458.4197065608, Qty: 0, Cost: 0.0, Capital_after: 611.8808206119957
2026-01-31 00:43:52,745 - app.core.backtest.executor - DEBUG - ENTER_LONG - Capital: 611.8808206119957, Price: 2437.0354118745, Qty: 0, Cost: 0.0, Capital_after: 611.8808206119957
2026-01-31 00:43:52,750 - app.core.backtest.executor - DEBUG - ENTER_LONG - Capital: 611.8808206119957, Price: 2411.8785847388, Qty: 0, Cost: 0.0, Capital_after: 611.8808206119957
2026-01-31 00:43:52,752 - app.core.backtest.executor - DEBUG - ENTER_LONG - Capital: 611.8808206119957, Price: 2382.5866132734, Qty: 0, Cost: 0.0, Capital_after: 611.8808206119957
2026-01-31 00:43:52,753 - app.core.backtest.executor - DEBUG - ENTER_LONG - Capital: 611.8808206119957, Price: 2370.6609110597, Qty: 0, Cost: 0.0, Capital_after: 611.8808206119957
2026-01-31 00:43:52,762 - app.core.backtest.executor - DEBUG - ENTER_LONG - Capital: 611.8808206119957, Price: 2363.6451180157, Qty: 0, Cost: 0.0, Capital_after: 611.8808206119957
2026-01-31 00:43:52,763 - app.core.backtest.executor - DEBUG - ENTER_LONG - Capital: 611.8808206119957, Price: 2351.5783041323, Qty: 0, Cost: 0.0, Capital_after: 611.8808206119957
2026-01-31 00:43:52,766 - app.core.backtest.executor - DEBUG - ENTER_LONG - Capital: 611.8808206119957, Price: 2345.9393087369, Qty: 0, Cost: 0.0, Capital_after: 611.8808206119957
2026-01-31 00:43:52,770 - app.core.backtest.executor - DEBUG - ENTER_LONG - Capital: 611.8808206119957, Price: 2365.0781651525, Qty: 0, Cost: 0.0, Capital_after: 611.8808206119957
2026-01-31 00:43:52,770 - app.core.backtest.executor - DEBUG - ENTER_LONG - Capital: 611.8808206119957, Price: 2377.0597948562, Qty: 0, Cost: 0.0, Capital_after: 611.8808206119957
2026-01-31 00:43:52,772 - app.core.backtest.executor - DEBUG - ENTER_LONG - Capital: 611.8808206119957, Price: 2387.0692239793, Qty: 0, Cost: 0.0, Capital_after: 611.8808206119957
2026-01-31 00:43:52,772 - app.core.backtest.executor - DEBUG - ENTER_LONG - Capital: 611.8808206119957, Price: 2395.4204977406, Qty: 0, Cost: 0.0, Capital_after: 611.8808206119957
2026-01-31 00:43:52,778 - app.core.backtest.executor - DEBUG - ENTER_LONG - Capital: 611.8808206119957, Price: 2410.2436763052, Qty: 0, Cost: 0.0, Capital_after: 611.8808206119957
2026-01-31 00:43:52,790 - app.core.backtest.executor - DEBUG - ENTER_LONG - Capital: 611.8808206119957, Price: 2396.1510774188, Qty: 0, Cost: 0.0, Capital_after: 611.8808206119957
2026-01-31 00:43:52,796 - app.core.backtest.executor - DEBUG - ENTER_LONG - Capital: 611.8808206119957, Price: 2386.3974467732, Qty: 0, Cost: 0.0, Capital_after: 611.8808206119957
2026-01-31 00:43:52,800 - app.core.backtest.executor - DEBUG - ENTER_LONG - Capital: 611.8808206119957, Price: 2373.0667125315, Qty: 0, Cost: 0.0, Capital_after: 611.8808206119957
2026-01-31 00:43:52,800 - app.core.backtest.executor - DEBUG - ENTER_LONG - Capital: 611.8808206119957, Price: 2370.7459351033, Qty: 0, Cost: 0.0, Capital_after: 611.8808206119957
2026-01-31 00:43:52,802 - app.core.backtest.executor - DEBUG - ENTER_LONG - Capital: 611.8808206119957, Price: 2366.4954905751, Qty: 0, Cost: 0.0, Capital_after: 611.8808206119957
2026-01-31 00:43:52,804 - app.core.backtest.executor - DEBUG - ENTER_LONG - Capital: 611.8808206119957, Price: 2350.7227379421, Qty: 0, Cost: 0.0, Capital_after: 611.8808206119957
2026-01-31 00:43:52,810 - app.core.backtest.executor - DEBUG - ENTER_LONG - Capital: 611.8808206119957, Price: 2335.1892592112, Qty: 0, Cost: 0.0, Capital_after: 611.8808206119957
2026-01-31 00:43:52,811 - app.core.backtest.executor - DEBUG - ENTER_LONG - Capital: 611.8808206119957, Price: 2317.7776824171, Qty: 0, Cost: 0.0, Capital_after: 611.8808206119957
2026-01-31 00:43:52,812 - app.core.backtest.executor - DEBUG - ENTER_LONG - Capital: 611.8808206119957, Price: 2310.920457644, Qty: 0, Cost: 0.0, Capital_after: 611.8808206119957
2026-01-31 00:43:52,813 - app.core.backtest.executor - DEBUG - ENTER_LONG - Capital: 611.8808206119957, Price: 2303.7992357737, Qty: 0, Cost: 0.0, Capital_after: 611.8808206119957
2026-01-31 00:43:52,818 - app.core.backtest.executor - DEBUG - ENTER_LONG - Capital: 611.8808206119957, Price: 2308.3525946193, Qty: 0, Cost: 0.0, Capital_after: 611.8808206119957
2026-01-31 00:43:52,819 - app.core.backtest.executor - DEBUG - ENTER_LONG - Capital: 611.8808206119957, Price: 2313.5833046976, Qty: 0, Cost: 0.0, Capital_after: 611.8808206119957
2026-01-31 00:43:52,819 - app.core.backtest.executor - DEBUG - ENTER_LONG - Capital: 611.8808206119957, Price: 2318.7326921854, Qty: 0, Cost: 0.0, Capital_after: 611.8808206119957
2026-01-31 00:43:52,825 - app.core.backtest.executor - DEBUG - ENTER_LONG - Capital: 611.8808206119957, Price: 2310.8961099557, Qty: 0, Cost: 0.0, Capital_after: 611.8808206119957
2026-01-31 00:43:52,840 - app.core.backtest.executor - DEBUG - ENTER_LONG - Capital: 611.8808206119957, Price: 2291.6235769789, Qty: 0, Cost: 0.0, Capital_after: 611.8808206119957
2026-01-31 00:43:52,841 - app.core.backtest.executor - DEBUG - ENTER_LONG - Capital: 611.8808206119957, Price: 2287.2608181265, Qty: 0, Cost: 0.0, Capital_after: 611.8808206119957
2026-01-31 00:43:52,843 - app.core.backtest.executor - DEBUG - ENTER_LONG - Capital: 611.8808206119957, Price: 2307.1790257727, Qty: 0, Cost: 0.0, Capital_after: 611.8808206119957
2026-01-31 00:43:52,844 - app.core.backtest.executor - DEBUG - ENTER_LONG - Capital: 611.8808206119957, Price: 2315.1396733397, Qty: 0, Cost: 0.0, Capital_after: 611.8808206119957
2026-01-31 00:43:52,844 - app.core.backtest.executor - DEBUG - ENTER_LONG - Capital: 611.8808206119957, Price: 2317.6050121072, Qty: 0, Cost: 0.0, Capital_after: 611.8808206119957
2026-01-31 00:43:52,847 - app.core.backtest.executor - DEBUG - ENTER_LONG - Capital: 611.8808206119957, Price: 2327.8812730369, Qty: 0, Cost: 0.0, Capital_after: 611.8808206119957
2026-01-31 00:43:52,848 - app.core.backtest.executor - DEBUG - ENTER_LONG - Capital: 611.8808206119957, Price: 2335.9458961215, Qty: 0, Cost: 0.0, Capital_after: 611.8808206119957
2026-01-31 00:43:52,852 - app.core.backtest.engine - INFO - Backtest completed - Symbol: RELIANCE, Total Trades: 2, Initial Capital: 50000.0, Final Capital: 611.8808206119957, Return: -98.78%
2026-01-31 00:43:52,854 INFO sqlalchemy.engine.Engine BEGIN (implicit)
2026-01-31 00:43:52,854 - sqlalchemy.engine.Engine - INFO - BEGIN (implicit)
2026-01-31 00:43:52,855 INFO sqlalchemy.engine.Engine INSERT INTO backtest_results (id, job_id, final_capital, total_return, return_percentage, total_trades, winning_trades, losing_trades, win_rate, max_drawdown, min_capital, sharpe_ratio, profit_factor, avg_trade_duration_minutes, best_trade_pnl, worst_trade_pnl, chart_data, created_at) VALUES (?, ?, ?, ?, ?, ?, ?, ?, ?, ?, ?, ?, ?, ?, ?, ?, ?, CURRENT_TIMESTAMP)
2026-01-31 00:43:52,855 - sqlalchemy.engine.Engine - INFO - INSERT INTO backtest_results (id, job_id, final_capital, total_return, return_percentage, total_trades, winning_trades, losing_trades, win_rate, max_drawdown, min_capital, sharpe_ratio, profit_factor, avg_trade_duration_minutes, best_trade_pnl, worst_trade_pnl, chart_data, created_at) VALUES (?, ?, ?, ?, ?, ?, ?, ?, ?, ?, ?, ?, ?, ?, ?, ?, ?, CURRENT_TIMESTAMP)
2026-01-31 00:43:52,855 INFO sqlalchemy.engine.Engine [cached since 21.04s ago] ('7cd6bc22-9e14-448f-8347-b5fdd971acf8', '65902cf7-4d0d-47c9-978b-f6bdca6fd180', 611.88, -49388.12, -98.7762, 1, 1, 0, 0.0, None, None, None, None, None, None, None, '{"timestamps": ["2024-01-01T09:15:00", "2024-01-01T09:20:00", "2024-01-01T09:25:00", "2024-01-01T09:30:00", "2024-01-01T09:35:00", "2024-01-01T09:40: ... (24026 characters truncated) ... 3939, 2326.5814333224, 2327.9442919338, 2322.0837893189, 2323.3525507716, 2331.1200159114, 2324.012905602], "sma": [], "z_scores": [], "signals": []}')
2026-01-31 00:43:52,855 - sqlalchemy.engine.Engine - INFO - [cached since 21.04s ago] ('7cd6bc22-9e14-448f-8347-b5fdd971acf8', '65902cf7-4d0d-47c9-978b-f6bdca6fd180', 611.88, -49388.12, -98.7762, 1, 1, 0, 0.0, None, None, None, None, None, None, None, '{"timestamps": ["2024-01-01T09:15:00", "2024-01-01T09:20:00", "2024-01-01T09:25:00", "2024-01-01T09:30:00", "2024-01-01T09:35:00", "2024-01-01T09:40: ... (24026 characters truncated) ... 3939, 2326.5814333224, 2327.9442919338, 2322.0837893189, 2323.3525507716, 2331.1200159114, 2324.012905602], "sma": [], "z_scores": [], "signals": []}')
2026-01-31 00:43:52,856 INFO sqlalchemy.engine.Engine COMMIT
2026-01-31 00:43:52,856 - sqlalchemy.engine.Engine - INFO - COMMIT
2026-01-31 00:43:52,860 INFO sqlalchemy.engine.Engine BEGIN (implicit)
2026-01-31 00:43:52,860 - sqlalchemy.engine.Engine - INFO - BEGIN (implicit)
2026-01-31 00:43:52,861 INFO sqlalchemy.engine.Engine SELECT backtest_results.id AS backtest_results_id, backtest_results.job_id AS backtest_results_job_id, backtest_results.final_capital AS backtest_results_final_capital, backtest_results.total_return AS backtest_results_total_return, backtest_results.return_percentage AS backtest_results_return_percentage, backtest_results.total_trades AS backtest_results_total_trades, backtest_results.winning_trades AS backtest_results_winning_trades, backtest_results.losing_trades AS backtest_results_losing_trades, backtest_results.win_rate AS backtest_results_win_rate, backtest_results.max_drawdown AS backtest_results_max_drawdown, backtest_results.min_capital AS backtest_results_min_capital, backtest_results.sharpe_ratio AS backtest_results_sharpe_ratio, backtest_results.profit_factor AS backtest_results_profit_factor, backtest_results.avg_trade_duration_minutes AS backtest_results_avg_trade_duration_minutes, backtest_results.best_trade_pnl AS backtest_results_best_trade_pnl, backtest_results.worst_trade_pnl AS backtest_results_worst_trade_pnl, backtest_results.chart_data AS backtest_results_chart_data, backtest_results.created_at AS backtest_results_created_at 
FROM backtest_results 
WHERE backtest_results.id = ?
2026-01-31 00:43:52,861 - sqlalchemy.engine.Engine - INFO - SELECT backtest_results.id AS backtest_results_id, backtest_results.job_id AS backtest_results_job_id, backtest_results.final_capital AS backtest_results_final_capital, backtest_results.total_return AS backtest_results_total_return, backtest_results.return_percentage AS backtest_results_return_percentage, backtest_results.total_trades AS backtest_results_total_trades, backtest_results.winning_trades AS backtest_results_winning_trades, backtest_results.losing_trades AS backtest_results_losing_trades, backtest_results.win_rate AS backtest_results_win_rate, backtest_results.max_drawdown AS backtest_results_max_drawdown, backtest_results.min_capital AS backtest_results_min_capital, backtest_results.sharpe_ratio AS backtest_results_sharpe_ratio, backtest_results.profit_factor AS backtest_results_profit_factor, backtest_results.avg_trade_duration_minutes AS backtest_results_avg_trade_duration_minutes, backtest_results.best_trade_pnl AS backtest_results_best_trade_pnl, backtest_results.worst_trade_pnl AS backtest_results_worst_trade_pnl, backtest_results.chart_data AS backtest_results_chart_data, backtest_results.created_at AS backtest_results_created_at 
FROM backtest_results 
WHERE backtest_results.id = ?
2026-01-31 00:43:52,861 INFO sqlalchemy.engine.Engine [cached since 21.03s ago] ('7cd6bc22-9e14-448f-8347-b5fdd971acf8',)
2026-01-31 00:43:52,861 - sqlalchemy.engine.Engine - INFO - [cached since 21.03s ago] ('7cd6bc22-9e14-448f-8347-b5fdd971acf8',)
2026-01-31 00:43:52,861 - app.api.v1.endpoints.backtest - INFO - Backtest result saved - Job ID: 65902cf7-4d0d-47c9-978b-f6bdca6fd180, Final Capital: 611.88, Total Trades: 1
2026-01-31 00:43:52,862 INFO sqlalchemy.engine.Engine INSERT INTO trades (id, job_id, trade_sequence, trade_type, symbol, trade_time, price, quantity, brokerage_fee, capital_after, pnl, pnl_percentage, z_score, sma, created_at) VALUES (?, ?, ?, ?, ?, ?, ?, ?, ?, ?, ?, ?, ?, ?, CURRENT_TIMESTAMP)
2026-01-31 00:43:52,862 - sqlalchemy.engine.Engine - INFO - INSERT INTO trades (id, job_id, trade_sequence, trade_type, symbol, trade_time, price, quantity, brokerage_fee, capital_after, pnl, pnl_percentage, z_score, sma, created_at) VALUES (?, ?, ?, ?, ?, ?, ?, ?, ?, ?, ?, ?, ?, ?, CURRENT_TIMESTAMP)
2026-01-31 00:43:52,862 INFO sqlalchemy.engine.Engine [cached since 21.03s ago] [('1a1f1ac0-c77e-44f0-ac62-9fdc53cdcc5c', '65902cf7-4d0d-47c9-978b-f6bdca6fd180', 1, 'SELL', 'RELIANCE', '2024-01-01 11:55:00.000000', 2493.0419038693, 20, 20.0, 119.16, None, None, 2.452918644686723, 2474.25621850299), ('53f5b02a-7895-474c-9cfd-2ebb4d34e596', '65902cf7-4d0d-47c9-978b-f6bdca6fd180', 2, 'EXIT', 'RELIANCE', '2024-01-01 12:40:00.000000', 2467.4059589694, 20, 20.0, 611.88, 512.72, None, -1.6365947370999916, 2480.853844088465)]
2026-01-31 00:43:52,862 - sqlalchemy.engine.Engine - INFO - [cached since 21.03s ago] [('1a1f1ac0-c77e-44f0-ac62-9fdc53cdcc5c', '65902cf7-4d0d-47c9-978b-f6bdca6fd180', 1, 'SELL', 'RELIANCE', '2024-01-01 11:55:00.000000', 2493.0419038693, 20, 20.0, 119.16, None, None, 2.452918644686723, 2474.25621850299), ('53f5b02a-7895-474c-9cfd-2ebb4d34e596', '65902cf7-4d0d-47c9-978b-f6bdca6fd180', 2, 'EXIT', 'RELIANCE', '2024-01-01 12:40:00.000000', 2467.4059589694, 20, 20.0, 611.88, 512.72, None, -1.6365947370999916, 2480.853844088465)]
2026-01-31 00:43:52,863 INFO sqlalchemy.engine.Engine COMMIT
2026-01-31 00:43:52,863 - sqlalchemy.engine.Engine - INFO - COMMIT
2026-01-31 00:43:52,867 - app.api.v1.endpoints.backtest - DEBUG - All trades saved to database - Total: 2
2026-01-31 00:43:52,869 INFO sqlalchemy.engine.Engine BEGIN (implicit)
2026-01-31 00:43:52,869 - sqlalchemy.engine.Engine - INFO - BEGIN (implicit)
2026-01-31 00:43:52,870 INFO sqlalchemy.engine.Engine SELECT backtest_jobs.id AS backtest_jobs_id, backtest_jobs.symbol AS backtest_jobs_symbol, backtest_jobs.algorithm_id AS backtest_jobs_algorithm_id, backtest_jobs.parameters AS backtest_jobs_parameters, backtest_jobs.start_date AS backtest_jobs_start_date, backtest_jobs.end_date AS backtest_jobs_end_date, backtest_jobs.initial_capital AS backtest_jobs_initial_capital, backtest_jobs.allow_short AS backtest_jobs_allow_short, backtest_jobs.brokerage_fee AS backtest_jobs_brokerage_fee, backtest_jobs.error_message AS backtest_jobs_error_message, backtest_jobs.execution_time_ms AS backtest_jobs_execution_time_ms, backtest_jobs.created_at AS backtest_jobs_created_at, backtest_jobs.updated_at AS backtest_jobs_updated_at 
FROM backtest_jobs 
WHERE backtest_jobs.id = ?
2026-01-31 00:43:52,870 - sqlalchemy.engine.Engine - INFO - SELECT backtest_jobs.id AS backtest_jobs_id, backtest_jobs.symbol AS backtest_jobs_symbol, backtest_jobs.algorithm_id AS backtest_jobs_algorithm_id, backtest_jobs.parameters AS backtest_jobs_parameters, backtest_jobs.start_date AS backtest_jobs_start_date, backtest_jobs.end_date AS backtest_jobs_end_date, backtest_jobs.initial_capital AS backtest_jobs_initial_capital, backtest_jobs.allow_short AS backtest_jobs_allow_short, backtest_jobs.brokerage_fee AS backtest_jobs_brokerage_fee, backtest_jobs.error_message AS backtest_jobs_error_message, backtest_jobs.execution_time_ms AS backtest_jobs_execution_time_ms, backtest_jobs.created_at AS backtest_jobs_created_at, backtest_jobs.updated_at AS backtest_jobs_updated_at 
FROM backtest_jobs 
WHERE backtest_jobs.id = ?
2026-01-31 00:43:52,870 INFO sqlalchemy.engine.Engine [cached since 21.03s ago] ('65902cf7-4d0d-47c9-978b-f6bdca6fd180',)
2026-01-31 00:43:52,870 - sqlalchemy.engine.Engine - INFO - [cached since 21.03s ago] ('65902cf7-4d0d-47c9-978b-f6bdca6fd180',)
2026-01-31 00:43:52,872 INFO sqlalchemy.engine.Engine UPDATE backtest_jobs SET status=?, updated_at=CURRENT_TIMESTAMP WHERE backtest_jobs.id = ?
2026-01-31 00:43:52,872 - sqlalchemy.engine.Engine - INFO - UPDATE backtest_jobs SET status=?, updated_at=CURRENT_TIMESTAMP WHERE backtest_jobs.id = ?
2026-01-31 00:43:52,873 INFO sqlalchemy.engine.Engine [cached since 21.03s ago] ('completed', '65902cf7-4d0d-47c9-978b-f6bdca6fd180')
2026-01-31 00:43:52,873 - sqlalchemy.engine.Engine - INFO - [cached since 21.03s ago] ('completed', '65902cf7-4d0d-47c9-978b-f6bdca6fd180')
2026-01-31 00:43:52,874 INFO sqlalchemy.engine.Engine COMMIT
2026-01-31 00:43:52,874 - sqlalchemy.engine.Engine - INFO - COMMIT
2026-01-31 00:43:52,878 - app.api.v1.endpoints.backtest - INFO - Job 65902cf7-4d0d-47c9-978b-f6bdca6fd180 completed successfully
INFO:     127.0.0.1:36136 - "POST /api/v1/backtest HTTP/1.1" 202 Accepted
2026-01-31 00:50:16,011 INFO sqlalchemy.engine.Engine BEGIN (implicit)
2026-01-31 00:50:16,011 - sqlalchemy.engine.Engine - INFO - BEGIN (implicit)
2026-01-31 00:50:16,011 INFO sqlalchemy.engine.Engine SELECT price_cache.id AS price_cache_id, price_cache.symbol AS price_cache_symbol, price_cache.interval AS price_cache_interval, price_cache.from_date AS price_cache_from_date, price_cache.to_date AS price_cache_to_date, price_cache.data_json AS price_cache_data_json, price_cache.cached_at AS price_cache_cached_at, price_cache.row_count AS price_cache_row_count, price_cache.last_accessed AS price_cache_last_accessed, price_cache.access_count AS price_cache_access_count 
FROM price_cache
2026-01-31 00:50:16,011 - sqlalchemy.engine.Engine - INFO - SELECT price_cache.id AS price_cache_id, price_cache.symbol AS price_cache_symbol, price_cache.interval AS price_cache_interval, price_cache.from_date AS price_cache_from_date, price_cache.to_date AS price_cache_to_date, price_cache.data_json AS price_cache_data_json, price_cache.cached_at AS price_cache_cached_at, price_cache.row_count AS price_cache_row_count, price_cache.last_accessed AS price_cache_last_accessed, price_cache.access_count AS price_cache_access_count 
FROM price_cache
2026-01-31 00:50:16,011 INFO sqlalchemy.engine.Engine [cached since 417.6s ago] ()
2026-01-31 00:50:16,011 - sqlalchemy.engine.Engine - INFO - [cached since 417.6s ago] ()
2026-01-31 00:50:16,013 INFO sqlalchemy.engine.Engine ROLLBACK
2026-01-31 00:50:16,013 - sqlalchemy.engine.Engine - INFO - ROLLBACK
INFO:     127.0.0.1:45062 - "GET /api/v1/cache/stats HTTP/1.1" 200 OK
2026-01-31 00:50:20,667 - app.api.v1.endpoints.backtest - INFO - New backtest request - Job ID: a6b923fb-233f-41a6-ba9f-9e788152ae0d, Symbol: VOLTAS, Algorithm: mean_reversion
2026-01-31 00:50:20,668 INFO sqlalchemy.engine.Engine BEGIN (implicit)
2026-01-31 00:50:20,668 - sqlalchemy.engine.Engine - INFO - BEGIN (implicit)
2026-01-31 00:50:20,669 INFO sqlalchemy.engine.Engine INSERT INTO backtest_jobs (id, symbol, algorithm_id, parameters, start_date, end_date, initial_capital, allow_short, brokerage_fee, status, error_message, execution_time_ms, created_at, updated_at) VALUES (?, ?, ?, ?, ?, ?, ?, ?, ?, ?, ?, ?, CURRENT_TIMESTAMP, CURRENT_TIMESTAMP)
2026-01-31 00:50:20,669 - sqlalchemy.engine.Engine - INFO - INSERT INTO backtest_jobs (id, symbol, algorithm_id, parameters, start_date, end_date, initial_capital, allow_short, brokerage_fee, status, error_message, execution_time_ms, created_at, updated_at) VALUES (?, ?, ?, ?, ?, ?, ?, ?, ?, ?, ?, ?, CURRENT_TIMESTAMP, CURRENT_TIMESTAMP)
2026-01-31 00:50:20,669 INFO sqlalchemy.engine.Engine [cached since 409.1s ago] ('a6b923fb-233f-41a6-ba9f-9e788152ae0d', 'VOLTAS', 'mean_reversion', '{"SMA_WINDOW": 20, "Z_ENTRY": 1.5, "Z_EXIT_THRESHOLD": 0.5}', '2024-01-01', '2024-01-10', 50000.0, 1, 20.0, 'processing', None, None)
2026-01-31 00:50:20,669 - sqlalchemy.engine.Engine - INFO - [cached since 409.1s ago] ('a6b923fb-233f-41a6-ba9f-9e788152ae0d', 'VOLTAS', 'mean_reversion', '{"SMA_WINDOW": 20, "Z_ENTRY": 1.5, "Z_EXIT_THRESHOLD": 0.5}', '2024-01-01', '2024-01-10', 50000.0, 1, 20.0, 'processing', None, None)
2026-01-31 00:50:20,670 INFO sqlalchemy.engine.Engine COMMIT
2026-01-31 00:50:20,670 - sqlalchemy.engine.Engine - INFO - COMMIT
2026-01-31 00:50:20,682 - app.api.v1.endpoints.backtest - DEBUG - Job a6b923fb-233f-41a6-ba9f-9e788152ae0d created in database
2026-01-31 00:50:20,683 - app.api.v1.endpoints.backtest - DEBUG - Fetching data for VOLTAS from 2024-01-01 to 2024-01-10
2026-01-31 00:50:20,684 INFO sqlalchemy.engine.Engine BEGIN (implicit)
2026-01-31 00:50:20,684 - sqlalchemy.engine.Engine - INFO - BEGIN (implicit)
2026-01-31 00:50:20,685 INFO sqlalchemy.engine.Engine SELECT price_cache.id AS price_cache_id, price_cache.symbol AS price_cache_symbol, price_cache.interval AS price_cache_interval, price_cache.from_date AS price_cache_from_date, price_cache.to_date AS price_cache_to_date, price_cache.data_json AS price_cache_data_json, price_cache.cached_at AS price_cache_cached_at, price_cache.row_count AS price_cache_row_count, price_cache.last_accessed AS price_cache_last_accessed, price_cache.access_count AS price_cache_access_count 
FROM price_cache 
WHERE price_cache.symbol = ? AND price_cache.interval = ? AND price_cache.from_date = ? AND price_cache.to_date = ?
 LIMIT ? OFFSET ?
2026-01-31 00:50:20,685 - sqlalchemy.engine.Engine - INFO - SELECT price_cache.id AS price_cache_id, price_cache.symbol AS price_cache_symbol, price_cache.interval AS price_cache_interval, price_cache.from_date AS price_cache_from_date, price_cache.to_date AS price_cache_to_date, price_cache.data_json AS price_cache_data_json, price_cache.cached_at AS price_cache_cached_at, price_cache.row_count AS price_cache_row_count, price_cache.last_accessed AS price_cache_last_accessed, price_cache.access_count AS price_cache_access_count 
FROM price_cache 
WHERE price_cache.symbol = ? AND price_cache.interval = ? AND price_cache.from_date = ? AND price_cache.to_date = ?
 LIMIT ? OFFSET ?
2026-01-31 00:50:20,685 INFO sqlalchemy.engine.Engine [cached since 409.1s ago] ('VOLTAS', '5minute', '2024-01-01', '2024-01-10', 1, 0)
2026-01-31 00:50:20,685 - sqlalchemy.engine.Engine - INFO - [cached since 409.1s ago] ('VOLTAS', '5minute', '2024-01-01', '2024-01-10', 1, 0)
2026-01-31 00:50:20,689 - app.core.data.persistent_cache - DEBUG - Cache miss (DB) - VOLTAS 2024-01-01-2024-01-10
2026-01-31 00:50:20,689 INFO sqlalchemy.engine.Engine ROLLBACK
2026-01-31 00:50:20,689 - sqlalchemy.engine.Engine - INFO - ROLLBACK
2026-01-31 00:50:20,690 - app.api.v1.endpoints.backtest - DEBUG - Cache miss - fetching from source
2026-01-31 00:50:20,690 - app.core.data.fetcher - INFO - Generating mock data for VOLTAS
2026-01-31 00:50:20,711 INFO sqlalchemy.engine.Engine BEGIN (implicit)
2026-01-31 00:50:20,711 - sqlalchemy.engine.Engine - INFO - BEGIN (implicit)
2026-01-31 00:50:20,713 INFO sqlalchemy.engine.Engine SELECT price_cache.id AS price_cache_id, price_cache.symbol AS price_cache_symbol, price_cache.interval AS price_cache_interval, price_cache.from_date AS price_cache_from_date, price_cache.to_date AS price_cache_to_date, price_cache.data_json AS price_cache_data_json, price_cache.cached_at AS price_cache_cached_at, price_cache.row_count AS price_cache_row_count, price_cache.last_accessed AS price_cache_last_accessed, price_cache.access_count AS price_cache_access_count 
FROM price_cache 
WHERE price_cache.symbol = ? AND price_cache.interval = ? AND price_cache.from_date = ? AND price_cache.to_date = ?
 LIMIT ? OFFSET ?
2026-01-31 00:50:20,713 - sqlalchemy.engine.Engine - INFO - SELECT price_cache.id AS price_cache_id, price_cache.symbol AS price_cache_symbol, price_cache.interval AS price_cache_interval, price_cache.from_date AS price_cache_from_date, price_cache.to_date AS price_cache_to_date, price_cache.data_json AS price_cache_data_json, price_cache.cached_at AS price_cache_cached_at, price_cache.row_count AS price_cache_row_count, price_cache.last_accessed AS price_cache_last_accessed, price_cache.access_count AS price_cache_access_count 
FROM price_cache 
WHERE price_cache.symbol = ? AND price_cache.interval = ? AND price_cache.from_date = ? AND price_cache.to_date = ?
 LIMIT ? OFFSET ?
2026-01-31 00:50:20,714 INFO sqlalchemy.engine.Engine [cached since 409.1s ago] ('VOLTAS', '5minute', '2024-01-01', '2024-01-10', 1, 0)
2026-01-31 00:50:20,714 - sqlalchemy.engine.Engine - INFO - [cached since 409.1s ago] ('VOLTAS', '5minute', '2024-01-01', '2024-01-10', 1, 0)
2026-01-31 00:50:20,747 INFO sqlalchemy.engine.Engine INSERT INTO price_cache (id, symbol, interval, from_date, to_date, data_json, cached_at, row_count, last_accessed, access_count) VALUES (?, ?, ?, ?, ?, ?, CURRENT_TIMESTAMP, ?, CURRENT_TIMESTAMP, ?)
2026-01-31 00:50:20,747 - sqlalchemy.engine.Engine - INFO - INSERT INTO price_cache (id, symbol, interval, from_date, to_date, data_json, cached_at, row_count, last_accessed, access_count) VALUES (?, ?, ?, ?, ?, ?, CURRENT_TIMESTAMP, ?, CURRENT_TIMESTAMP, ?)
2026-01-31 00:50:20,747 INFO sqlalchemy.engine.Engine [cached since 409.1s ago] ('54141c16-2b0e-4238-97b5-c1ac64bb815f', 'VOLTAS', '5minute', '2024-01-01', '2024-01-10', '[{"datetime":"2024-01-01T09:15:00.000","close":2498.4761178329,"open":2500.383626315,"high":2504.0210636571,"low":2497.7976727136,"volume":50463},{"d ... (88130 characters truncated) ... 67},{"datetime":"2024-01-10T15:30:00.000","close":2675.1512862544,"open":2675.7761735036,"high":2678.8380905646,"low":2670.5225742765,"volume":3824}]', 608, 1)
2026-01-31 00:50:20,747 - sqlalchemy.engine.Engine - INFO - [cached since 409.1s ago] ('54141c16-2b0e-4238-97b5-c1ac64bb815f', 'VOLTAS', '5minute', '2024-01-01', '2024-01-10', '[{"datetime":"2024-01-01T09:15:00.000","close":2498.4761178329,"open":2500.383626315,"high":2504.0210636571,"low":2497.7976727136,"volume":50463},{"d ... (88130 characters truncated) ... 67},{"datetime":"2024-01-10T15:30:00.000","close":2675.1512862544,"open":2675.7761735036,"high":2678.8380905646,"low":2670.5225742765,"volume":3824}]', 608, 1)
2026-01-31 00:50:20,749 INFO sqlalchemy.engine.Engine COMMIT
2026-01-31 00:50:20,749 - sqlalchemy.engine.Engine - INFO - COMMIT
2026-01-31 00:50:20,756 - app.core.data.persistent_cache - INFO - Cache stored (DB) - VOLTAS 608 rows
2026-01-31 00:50:20,757 - app.api.v1.endpoints.backtest - DEBUG - Data cached persistently
2026-01-31 00:50:20,757 - app.api.v1.endpoints.backtest - DEBUG - Data ready - 608 candles received
2026-01-31 00:50:20,757 - app.core.backtest.executor - INFO - TradeExecutor initialized with brokerage_fee: 20.0
2026-01-31 00:50:20,757 - app.api.v1.endpoints.backtest - DEBUG - Running backtest engine for VOLTAS
2026-01-31 00:50:20,758 - app.core.backtest.validator - INFO - Date range valid: 9 days
2026-01-31 00:50:20,758 - app.core.backtest.validator - INFO - Capital valid: ₹50000.0
2026-01-31 00:50:20,758 - app.core.backtest.engine - INFO - Starting backtest - Symbol: VOLTAS, Algorithm: mean_reversion, Capital: 50000.0, Date Range: 2024-01-01 09:15:00 to 2024-01-10 15:30:00
2026-01-31 00:50:20,758 - app.core.backtest.engine - DEBUG - Algorithm Parameters: {'SMA_WINDOW': 20, 'Z_ENTRY': 1.5, 'Z_EXIT_THRESHOLD': 0.5}
2026-01-31 00:50:20,758 - app.core.algorithms.registry - INFO - Instantiating algorithm: mean_reversion
2026-01-31 00:50:20,758 - app.core.algorithms.mean_reversion - INFO - Parameters validated: {'SMA_WINDOW': 20, 'Z_ENTRY': 1.5, 'Z_EXIT_THRESHOLD': 0.5}
2026-01-31 00:50:20,758 - app.core.backtest.engine - INFO - Algorithm initialized: MeanReversionAlgorithm
2026-01-31 00:50:20,866 - app.core.algorithms.mean_reversion - INFO - Generated signals for 608 candles
2026-01-31 00:50:20,869 - app.core.backtest.engine - DEBUG - Signals generated for 589 candles
2026-01-31 00:50:20,869 - app.core.backtest.engine - DEBUG - Backtest loop started - Initial Capital: 50000.0
2026-01-31 00:50:20,871 - app.core.backtest.executor - DEBUG - ENTER_LONG - Capital: 50000.0, Price: 2542.366329843314, Qty: 19, Cost: 48324.960267022965, Capital_after: 1675.0397329770349
2026-01-31 00:50:20,871 - app.core.backtest.engine - INFO - SELL signal at 2024-01-01 11:10:00 - Price: 2542.366329843314, Qty: 19, Z-Score: 2.2127
2026-01-31 00:50:20,895 - app.core.backtest.engine - INFO - Market Close EXIT at 2024-01-01 15:00:00 - Type: SHORT, Price: 2612.77726920716, PnL: -1337.8078479130731
2026-01-31 00:50:20,901 - app.core.backtest.executor - DEBUG - ENTER_LONG - Capital: 317.2318850639617, Price: 2622.520991479824, Qty: 0, Cost: 0.0, Capital_after: 317.2318850639617
2026-01-31 00:50:20,908 - app.core.backtest.executor - DEBUG - ENTER_LONG - Capital: 317.2318850639617, Price: 2635.4221438964482, Qty: 0, Cost: 0.0, Capital_after: 317.2318850639617
2026-01-31 00:50:20,910 - app.core.backtest.executor - DEBUG - ENTER_LONG - Capital: 317.2318850639617, Price: 2639.2669970922675, Qty: 0, Cost: 0.0, Capital_after: 317.2318850639617
2026-01-31 00:50:20,921 - app.core.backtest.executor - DEBUG - ENTER_LONG - Capital: 317.2318850639617, Price: 2663.7909266165566, Qty: 0, Cost: 0.0, Capital_after: 317.2318850639617
2026-01-31 00:50:20,922 - app.core.backtest.executor - DEBUG - ENTER_LONG - Capital: 317.2318850639617, Price: 2676.583256400428, Qty: 0, Cost: 0.0, Capital_after: 317.2318850639617
2026-01-31 00:50:20,928 - app.core.backtest.executor - DEBUG - ENTER_LONG - Capital: 317.2318850639617, Price: 2695.6263074362555, Qty: 0, Cost: 0.0, Capital_after: 317.2318850639617
2026-01-31 00:50:20,939 - app.core.backtest.executor - DEBUG - ENTER_LONG - Capital: 317.2318850639617, Price: 2670.5029385748226, Qty: 0, Cost: 0.0, Capital_after: 317.2318850639617
2026-01-31 00:50:20,942 - app.core.backtest.executor - DEBUG - ENTER_LONG - Capital: 317.2318850639617, Price: 2700.1245225074667, Qty: 0, Cost: 0.0, Capital_after: 317.2318850639617
2026-01-31 00:50:20,951 - app.core.backtest.executor - DEBUG - ENTER_LONG - Capital: 317.2318850639617, Price: 2706.5095908765416, Qty: 0, Cost: 0.0, Capital_after: 317.2318850639617
2026-01-31 00:50:20,957 - app.core.backtest.executor - DEBUG - ENTER_LONG - Capital: 317.2318850639617, Price: 2690.5507039562303, Qty: 0, Cost: 0.0, Capital_after: 317.2318850639617
2026-01-31 00:50:20,971 - app.core.backtest.executor - DEBUG - ENTER_LONG - Capital: 317.2318850639617, Price: 2705.638053232262, Qty: 0, Cost: 0.0, Capital_after: 317.2318850639617
2026-01-31 00:50:20,975 - app.core.backtest.executor - DEBUG - ENTER_LONG - Capital: 317.2318850639617, Price: 2671.6392486504315, Qty: 0, Cost: 0.0, Capital_after: 317.2318850639617
2026-01-31 00:50:20,975 - app.core.backtest.executor - DEBUG - ENTER_LONG - Capital: 317.2318850639617, Price: 2669.456150781042, Qty: 0, Cost: 0.0, Capital_after: 317.2318850639617
2026-01-31 00:50:20,976 - app.core.backtest.executor - DEBUG - ENTER_LONG - Capital: 317.2318850639617, Price: 2647.6462881044035, Qty: 0, Cost: 0.0, Capital_after: 317.2318850639617
2026-01-31 00:50:20,981 - app.core.backtest.executor - DEBUG - ENTER_LONG - Capital: 317.2318850639617, Price: 2623.0892816676524, Qty: 0, Cost: 0.0, Capital_after: 317.2318850639617
2026-01-31 00:50:20,984 - app.core.backtest.executor - DEBUG - ENTER_LONG - Capital: 317.2318850639617, Price: 2639.168803797069, Qty: 0, Cost: 0.0, Capital_after: 317.2318850639617
2026-01-31 00:50:20,987 - app.core.backtest.executor - DEBUG - ENTER_LONG - Capital: 317.2318850639617, Price: 2626.099743452774, Qty: 0, Cost: 0.0, Capital_after: 317.2318850639617
2026-01-31 00:50:20,993 - app.core.backtest.executor - DEBUG - ENTER_LONG - Capital: 317.2318850639617, Price: 2655.4111933790637, Qty: 0, Cost: 0.0, Capital_after: 317.2318850639617
2026-01-31 00:50:20,993 - app.core.backtest.executor - DEBUG - ENTER_LONG - Capital: 317.2318850639617, Price: 2662.0183257977924, Qty: 0, Cost: 0.0, Capital_after: 317.2318850639617
2026-01-31 00:50:20,994 - app.core.backtest.executor - DEBUG - ENTER_LONG - Capital: 317.2318850639617, Price: 2670.6750448824214, Qty: 0, Cost: 0.0, Capital_after: 317.2318850639617
2026-01-31 00:50:20,997 - app.core.backtest.executor - DEBUG - ENTER_LONG - Capital: 317.2318850639617, Price: 2696.5313275227754, Qty: 0, Cost: 0.0, Capital_after: 317.2318850639617
2026-01-31 00:50:21,003 - app.core.backtest.executor - DEBUG - ENTER_LONG - Capital: 317.2318850639617, Price: 2678.6795426548124, Qty: 0, Cost: 0.0, Capital_after: 317.2318850639617
2026-01-31 00:50:21,005 - app.core.backtest.executor - DEBUG - ENTER_LONG - Capital: 317.2318850639617, Price: 2701.1865466261665, Qty: 0, Cost: 0.0, Capital_after: 317.2318850639617
2026-01-31 00:50:21,009 - app.core.backtest.executor - DEBUG - ENTER_LONG - Capital: 317.2318850639617, Price: 2673.5184644222563, Qty: 0, Cost: 0.0, Capital_after: 317.2318850639617
2026-01-31 00:50:21,014 - app.core.backtest.executor - DEBUG - ENTER_LONG - Capital: 317.2318850639617, Price: 2673.2751350985354, Qty: 0, Cost: 0.0, Capital_after: 317.2318850639617
2026-01-31 00:50:21,016 - app.core.backtest.executor - DEBUG - ENTER_LONG - Capital: 317.2318850639617, Price: 2694.490135814191, Qty: 0, Cost: 0.0, Capital_after: 317.2318850639617
2026-01-31 00:50:21,020 - app.core.backtest.executor - DEBUG - ENTER_LONG - Capital: 317.2318850639617, Price: 2671.8278251000365, Qty: 0, Cost: 0.0, Capital_after: 317.2318850639617
2026-01-31 00:50:21,022 - app.core.backtest.executor - DEBUG - ENTER_LONG - Capital: 317.2318850639617, Price: 2663.545367245405, Qty: 0, Cost: 0.0, Capital_after: 317.2318850639617
2026-01-31 00:50:21,025 - app.core.backtest.executor - DEBUG - ENTER_LONG - Capital: 317.2318850639617, Price: 2687.482000009067, Qty: 0, Cost: 0.0, Capital_after: 317.2318850639617
2026-01-31 00:50:21,029 - app.core.backtest.engine - INFO - Backtest completed - Symbol: VOLTAS, Total Trades: 2, Initial Capital: 50000.0, Final Capital: 317.2318850639617, Return: -99.37%
2026-01-31 00:50:21,032 INFO sqlalchemy.engine.Engine BEGIN (implicit)
2026-01-31 00:50:21,032 - sqlalchemy.engine.Engine - INFO - BEGIN (implicit)
2026-01-31 00:50:21,033 INFO sqlalchemy.engine.Engine INSERT INTO backtest_results (id, job_id, final_capital, total_return, return_percentage, total_trades, winning_trades, losing_trades, win_rate, max_drawdown, min_capital, sharpe_ratio, profit_factor, avg_trade_duration_minutes, best_trade_pnl, worst_trade_pnl, chart_data, created_at) VALUES (?, ?, ?, ?, ?, ?, ?, ?, ?, ?, ?, ?, ?, ?, ?, ?, ?, CURRENT_TIMESTAMP)
2026-01-31 00:50:21,033 - sqlalchemy.engine.Engine - INFO - INSERT INTO backtest_results (id, job_id, final_capital, total_return, return_percentage, total_trades, winning_trades, losing_trades, win_rate, max_drawdown, min_capital, sharpe_ratio, profit_factor, avg_trade_duration_minutes, best_trade_pnl, worst_trade_pnl, chart_data, created_at) VALUES (?, ?, ?, ?, ?, ?, ?, ?, ?, ?, ?, ?, ?, ?, ?, ?, ?, CURRENT_TIMESTAMP)
2026-01-31 00:50:21,033 INFO sqlalchemy.engine.Engine [cached since 409.2s ago] ('59a79e0b-37f2-4653-913a-ef2e957eb3bd', 'a6b923fb-233f-41a6-ba9f-9e788152ae0d', 317.23, -49682.77, -99.3655, 1, 0, 1, 0.0, None, None, None, None, None, None, None, '{"timestamps": ["2024-01-01T09:15:00", "2024-01-01T09:20:00", "2024-01-01T09:25:00", "2024-01-01T09:30:00", "2024-01-01T09:35:00", "2024-01-01T09:40: ... (25614 characters truncated) ... 02351869, 2675.7289686391478, 2677.786379231065, 2675.370524297028, 2674.9389475386724, 2675.151286254378], "sma": [], "z_scores": [], "signals": []}')
2026-01-31 00:50:21,033 - sqlalchemy.engine.Engine - INFO - [cached since 409.2s ago] ('59a79e0b-37f2-4653-913a-ef2e957eb3bd', 'a6b923fb-233f-41a6-ba9f-9e788152ae0d', 317.23, -49682.77, -99.3655, 1, 0, 1, 0.0, None, None, None, None, None, None, None, '{"timestamps": ["2024-01-01T09:15:00", "2024-01-01T09:20:00", "2024-01-01T09:25:00", "2024-01-01T09:30:00", "2024-01-01T09:35:00", "2024-01-01T09:40: ... (25614 characters truncated) ... 02351869, 2675.7289686391478, 2677.786379231065, 2675.370524297028, 2674.9389475386724, 2675.151286254378], "sma": [], "z_scores": [], "signals": []}')
2026-01-31 00:50:21,034 INFO sqlalchemy.engine.Engine COMMIT
2026-01-31 00:50:21,034 - sqlalchemy.engine.Engine - INFO - COMMIT
2026-01-31 00:50:21,047 INFO sqlalchemy.engine.Engine BEGIN (implicit)
2026-01-31 00:50:21,047 - sqlalchemy.engine.Engine - INFO - BEGIN (implicit)
2026-01-31 00:50:21,048 INFO sqlalchemy.engine.Engine SELECT backtest_results.id AS backtest_results_id, backtest_results.job_id AS backtest_results_job_id, backtest_results.final_capital AS backtest_results_final_capital, backtest_results.total_return AS backtest_results_total_return, backtest_results.return_percentage AS backtest_results_return_percentage, backtest_results.total_trades AS backtest_results_total_trades, backtest_results.winning_trades AS backtest_results_winning_trades, backtest_results.losing_trades AS backtest_results_losing_trades, backtest_results.win_rate AS backtest_results_win_rate, backtest_results.max_drawdown AS backtest_results_max_drawdown, backtest_results.min_capital AS backtest_results_min_capital, backtest_results.sharpe_ratio AS backtest_results_sharpe_ratio, backtest_results.profit_factor AS backtest_results_profit_factor, backtest_results.avg_trade_duration_minutes AS backtest_results_avg_trade_duration_minutes, backtest_results.best_trade_pnl AS backtest_results_best_trade_pnl, backtest_results.worst_trade_pnl AS backtest_results_worst_trade_pnl, backtest_results.chart_data AS backtest_results_chart_data, backtest_results.created_at AS backtest_results_created_at 
FROM backtest_results 
WHERE backtest_results.id = ?
2026-01-31 00:50:21,048 - sqlalchemy.engine.Engine - INFO - SELECT backtest_results.id AS backtest_results_id, backtest_results.job_id AS backtest_results_job_id, backtest_results.final_capital AS backtest_results_final_capital, backtest_results.total_return AS backtest_results_total_return, backtest_results.return_percentage AS backtest_results_return_percentage, backtest_results.total_trades AS backtest_results_total_trades, backtest_results.winning_trades AS backtest_results_winning_trades, backtest_results.losing_trades AS backtest_results_losing_trades, backtest_results.win_rate AS backtest_results_win_rate, backtest_results.max_drawdown AS backtest_results_max_drawdown, backtest_results.min_capital AS backtest_results_min_capital, backtest_results.sharpe_ratio AS backtest_results_sharpe_ratio, backtest_results.profit_factor AS backtest_results_profit_factor, backtest_results.avg_trade_duration_minutes AS backtest_results_avg_trade_duration_minutes, backtest_results.best_trade_pnl AS backtest_results_best_trade_pnl, backtest_results.worst_trade_pnl AS backtest_results_worst_trade_pnl, backtest_results.chart_data AS backtest_results_chart_data, backtest_results.created_at AS backtest_results_created_at 
FROM backtest_results 
WHERE backtest_results.id = ?
2026-01-31 00:50:21,048 INFO sqlalchemy.engine.Engine [cached since 409.2s ago] ('59a79e0b-37f2-4653-913a-ef2e957eb3bd',)
2026-01-31 00:50:21,048 - sqlalchemy.engine.Engine - INFO - [cached since 409.2s ago] ('59a79e0b-37f2-4653-913a-ef2e957eb3bd',)
2026-01-31 00:50:21,049 - app.api.v1.endpoints.backtest - INFO - Backtest result saved - Job ID: a6b923fb-233f-41a6-ba9f-9e788152ae0d, Final Capital: 317.23, Total Trades: 1
2026-01-31 00:50:21,049 INFO sqlalchemy.engine.Engine INSERT INTO trades (id, job_id, trade_sequence, trade_type, symbol, trade_time, price, quantity, brokerage_fee, capital_after, pnl, pnl_percentage, z_score, sma, created_at) VALUES (?, ?, ?, ?, ?, ?, ?, ?, ?, ?, ?, ?, ?, ?, CURRENT_TIMESTAMP)
2026-01-31 00:50:21,049 - sqlalchemy.engine.Engine - INFO - INSERT INTO trades (id, job_id, trade_sequence, trade_type, symbol, trade_time, price, quantity, brokerage_fee, capital_after, pnl, pnl_percentage, z_score, sma, created_at) VALUES (?, ?, ?, ?, ?, ?, ?, ?, ?, ?, ?, ?, ?, ?, CURRENT_TIMESTAMP)
2026-01-31 00:50:21,049 INFO sqlalchemy.engine.Engine [cached since 409.2s ago] [('0046433e-8c27-45b0-aab2-88e94a2cd9d8', 'a6b923fb-233f-41a6-ba9f-9e788152ae0d', 1, 'SELL', 'VOLTAS', '2024-01-01 11:10:00.000000', 2542.366329843314, 19, 20.0, 1675.04, None, None, 2.2126522539363154, 2516.2017313439133), ('f46741ef-a3a9-41a3-83f7-483da340544f', 'a6b923fb-233f-41a6-ba9f-9e788152ae0d', 2, 'EXIT', 'VOLTAS', '2024-01-01 15:00:00.000000', 2612.77726920716, 19, 20.0, 317.23, -1337.81, None, 1.7923608229899815, 2581.1094709967306)]
2026-01-31 00:50:21,049 - sqlalchemy.engine.Engine - INFO - [cached since 409.2s ago] [('0046433e-8c27-45b0-aab2-88e94a2cd9d8', 'a6b923fb-233f-41a6-ba9f-9e788152ae0d', 1, 'SELL', 'VOLTAS', '2024-01-01 11:10:00.000000', 2542.366329843314, 19, 20.0, 1675.04, None, None, 2.2126522539363154, 2516.2017313439133), ('f46741ef-a3a9-41a3-83f7-483da340544f', 'a6b923fb-233f-41a6-ba9f-9e788152ae0d', 2, 'EXIT', 'VOLTAS', '2024-01-01 15:00:00.000000', 2612.77726920716, 19, 20.0, 317.23, -1337.81, None, 1.7923608229899815, 2581.1094709967306)]
2026-01-31 00:50:21,050 INFO sqlalchemy.engine.Engine COMMIT
2026-01-31 00:50:21,050 - sqlalchemy.engine.Engine - INFO - COMMIT
2026-01-31 00:50:21,073 - app.api.v1.endpoints.backtest - DEBUG - All trades saved to database - Total: 2
2026-01-31 00:50:21,073 INFO sqlalchemy.engine.Engine BEGIN (implicit)
2026-01-31 00:50:21,073 - sqlalchemy.engine.Engine - INFO - BEGIN (implicit)
2026-01-31 00:50:21,074 INFO sqlalchemy.engine.Engine SELECT backtest_jobs.id AS backtest_jobs_id, backtest_jobs.symbol AS backtest_jobs_symbol, backtest_jobs.algorithm_id AS backtest_jobs_algorithm_id, backtest_jobs.parameters AS backtest_jobs_parameters, backtest_jobs.start_date AS backtest_jobs_start_date, backtest_jobs.end_date AS backtest_jobs_end_date, backtest_jobs.initial_capital AS backtest_jobs_initial_capital, backtest_jobs.allow_short AS backtest_jobs_allow_short, backtest_jobs.brokerage_fee AS backtest_jobs_brokerage_fee, backtest_jobs.error_message AS backtest_jobs_error_message, backtest_jobs.execution_time_ms AS backtest_jobs_execution_time_ms, backtest_jobs.created_at AS backtest_jobs_created_at, backtest_jobs.updated_at AS backtest_jobs_updated_at 
FROM backtest_jobs 
WHERE backtest_jobs.id = ?
2026-01-31 00:50:21,074 - sqlalchemy.engine.Engine - INFO - SELECT backtest_jobs.id AS backtest_jobs_id, backtest_jobs.symbol AS backtest_jobs_symbol, backtest_jobs.algorithm_id AS backtest_jobs_algorithm_id, backtest_jobs.parameters AS backtest_jobs_parameters, backtest_jobs.start_date AS backtest_jobs_start_date, backtest_jobs.end_date AS backtest_jobs_end_date, backtest_jobs.initial_capital AS backtest_jobs_initial_capital, backtest_jobs.allow_short AS backtest_jobs_allow_short, backtest_jobs.brokerage_fee AS backtest_jobs_brokerage_fee, backtest_jobs.error_message AS backtest_jobs_error_message, backtest_jobs.execution_time_ms AS backtest_jobs_execution_time_ms, backtest_jobs.created_at AS backtest_jobs_created_at, backtest_jobs.updated_at AS backtest_jobs_updated_at 
FROM backtest_jobs 
WHERE backtest_jobs.id = ?
2026-01-31 00:50:21,074 INFO sqlalchemy.engine.Engine [cached since 409.2s ago] ('a6b923fb-233f-41a6-ba9f-9e788152ae0d',)
2026-01-31 00:50:21,074 - sqlalchemy.engine.Engine - INFO - [cached since 409.2s ago] ('a6b923fb-233f-41a6-ba9f-9e788152ae0d',)
2026-01-31 00:50:21,075 INFO sqlalchemy.engine.Engine UPDATE backtest_jobs SET status=?, updated_at=CURRENT_TIMESTAMP WHERE backtest_jobs.id = ?
2026-01-31 00:50:21,075 - sqlalchemy.engine.Engine - INFO - UPDATE backtest_jobs SET status=?, updated_at=CURRENT_TIMESTAMP WHERE backtest_jobs.id = ?
2026-01-31 00:50:21,075 INFO sqlalchemy.engine.Engine [cached since 409.2s ago] ('completed', 'a6b923fb-233f-41a6-ba9f-9e788152ae0d')
2026-01-31 00:50:21,075 - sqlalchemy.engine.Engine - INFO - [cached since 409.2s ago] ('completed', 'a6b923fb-233f-41a6-ba9f-9e788152ae0d')
2026-01-31 00:50:21,075 INFO sqlalchemy.engine.Engine COMMIT
2026-01-31 00:50:21,075 - sqlalchemy.engine.Engine - INFO - COMMIT
2026-01-31 00:50:21,079 - app.api.v1.endpoints.backtest - INFO - Job a6b923fb-233f-41a6-ba9f-9e788152ae0d completed successfully
INFO:     127.0.0.1:45072 - "POST /api/v1/backtest HTTP/1.1" 202 Accepted
2026-01-31 00:50:24,709 INFO sqlalchemy.engine.Engine BEGIN (implicit)
2026-01-31 00:50:24,709 - sqlalchemy.engine.Engine - INFO - BEGIN (implicit)
2026-01-31 00:50:24,709 INFO sqlalchemy.engine.Engine SELECT price_cache.id AS price_cache_id, price_cache.symbol AS price_cache_symbol, price_cache.interval AS price_cache_interval, price_cache.from_date AS price_cache_from_date, price_cache.to_date AS price_cache_to_date, price_cache.data_json AS price_cache_data_json, price_cache.cached_at AS price_cache_cached_at, price_cache.row_count AS price_cache_row_count, price_cache.last_accessed AS price_cache_last_accessed, price_cache.access_count AS price_cache_access_count 
FROM price_cache
2026-01-31 00:50:24,709 - sqlalchemy.engine.Engine - INFO - SELECT price_cache.id AS price_cache_id, price_cache.symbol AS price_cache_symbol, price_cache.interval AS price_cache_interval, price_cache.from_date AS price_cache_from_date, price_cache.to_date AS price_cache_to_date, price_cache.data_json AS price_cache_data_json, price_cache.cached_at AS price_cache_cached_at, price_cache.row_count AS price_cache_row_count, price_cache.last_accessed AS price_cache_last_accessed, price_cache.access_count AS price_cache_access_count 
FROM price_cache
2026-01-31 00:50:24,709 INFO sqlalchemy.engine.Engine [cached since 426.3s ago] ()
2026-01-31 00:50:24,709 - sqlalchemy.engine.Engine - INFO - [cached since 426.3s ago] ()
2026-01-31 00:50:24,711 INFO sqlalchemy.engine.Engine ROLLBACK
2026-01-31 00:50:24,711 - sqlalchemy.engine.Engine - INFO - ROLLBACK
INFO:     127.0.0.1:45074 - "GET /api/v1/cache/stats HTTP/1.1" 200 OK
2026-01-31 00:50:38,695 INFO sqlalchemy.engine.Engine BEGIN (implicit)
2026-01-31 00:50:38,695 - sqlalchemy.engine.Engine - INFO - BEGIN (implicit)
2026-01-31 00:50:38,696 INFO sqlalchemy.engine.Engine SELECT price_cache.id AS price_cache_id, price_cache.symbol AS price_cache_symbol, price_cache.interval AS price_cache_interval, price_cache.from_date AS price_cache_from_date, price_cache.to_date AS price_cache_to_date, price_cache.data_json AS price_cache_data_json, price_cache.cached_at AS price_cache_cached_at, price_cache.row_count AS price_cache_row_count, price_cache.last_accessed AS price_cache_last_accessed, price_cache.access_count AS price_cache_access_count 
FROM price_cache
2026-01-31 00:50:38,696 - sqlalchemy.engine.Engine - INFO - SELECT price_cache.id AS price_cache_id, price_cache.symbol AS price_cache_symbol, price_cache.interval AS price_cache_interval, price_cache.from_date AS price_cache_from_date, price_cache.to_date AS price_cache_to_date, price_cache.data_json AS price_cache_data_json, price_cache.cached_at AS price_cache_cached_at, price_cache.row_count AS price_cache_row_count, price_cache.last_accessed AS price_cache_last_accessed, price_cache.access_count AS price_cache_access_count 
FROM price_cache
2026-01-31 00:50:38,696 INFO sqlalchemy.engine.Engine [cached since 440.3s ago] ()
2026-01-31 00:50:38,696 - sqlalchemy.engine.Engine - INFO - [cached since 440.3s ago] ()
2026-01-31 00:50:38,697 INFO sqlalchemy.engine.Engine ROLLBACK
2026-01-31 00:50:38,697 - sqlalchemy.engine.Engine - INFO - ROLLBACK
INFO:     127.0.0.1:33848 - "GET /api/v1/cache/stats HTTP/1.1" 200 OK
2026-01-31 00:50:38,760 - app.api.v1.endpoints.backtest - INFO - New backtest request - Job ID: 3c7c0b4f-5fae-413d-9cc4-282542cb611b, Symbol: RELIANCE, Algorithm: mean_reversion
2026-01-31 00:50:38,761 INFO sqlalchemy.engine.Engine BEGIN (implicit)
2026-01-31 00:50:38,761 - sqlalchemy.engine.Engine - INFO - BEGIN (implicit)
2026-01-31 00:50:38,761 INFO sqlalchemy.engine.Engine INSERT INTO backtest_jobs (id, symbol, algorithm_id, parameters, start_date, end_date, initial_capital, allow_short, brokerage_fee, status, error_message, execution_time_ms, created_at, updated_at) VALUES (?, ?, ?, ?, ?, ?, ?, ?, ?, ?, ?, ?, CURRENT_TIMESTAMP, CURRENT_TIMESTAMP)
2026-01-31 00:50:38,761 - sqlalchemy.engine.Engine - INFO - INSERT INTO backtest_jobs (id, symbol, algorithm_id, parameters, start_date, end_date, initial_capital, allow_short, brokerage_fee, status, error_message, execution_time_ms, created_at, updated_at) VALUES (?, ?, ?, ?, ?, ?, ?, ?, ?, ?, ?, ?, CURRENT_TIMESTAMP, CURRENT_TIMESTAMP)
2026-01-31 00:50:38,761 INFO sqlalchemy.engine.Engine [cached since 427.2s ago] ('3c7c0b4f-5fae-413d-9cc4-282542cb611b', 'RELIANCE', 'mean_reversion', '{"SMA_WINDOW": 15, "Z_ENTRY": 2.0, "Z_EXIT_THRESHOLD": 0.8}', '2024-01-05', '2024-01-15', 75000.0, 1, 20.0, 'processing', None, None)
2026-01-31 00:50:38,761 - sqlalchemy.engine.Engine - INFO - [cached since 427.2s ago] ('3c7c0b4f-5fae-413d-9cc4-282542cb611b', 'RELIANCE', 'mean_reversion', '{"SMA_WINDOW": 15, "Z_ENTRY": 2.0, "Z_EXIT_THRESHOLD": 0.8}', '2024-01-05', '2024-01-15', 75000.0, 1, 20.0, 'processing', None, None)
2026-01-31 00:50:38,762 INFO sqlalchemy.engine.Engine COMMIT
2026-01-31 00:50:38,762 - sqlalchemy.engine.Engine - INFO - COMMIT
2026-01-31 00:50:38,766 - app.api.v1.endpoints.backtest - DEBUG - Job 3c7c0b4f-5fae-413d-9cc4-282542cb611b created in database
2026-01-31 00:50:38,766 - app.api.v1.endpoints.backtest - DEBUG - Fetching data for RELIANCE from 2024-01-05 to 2024-01-15
2026-01-31 00:50:38,767 INFO sqlalchemy.engine.Engine BEGIN (implicit)
2026-01-31 00:50:38,767 - sqlalchemy.engine.Engine - INFO - BEGIN (implicit)
2026-01-31 00:50:38,768 INFO sqlalchemy.engine.Engine SELECT price_cache.id AS price_cache_id, price_cache.symbol AS price_cache_symbol, price_cache.interval AS price_cache_interval, price_cache.from_date AS price_cache_from_date, price_cache.to_date AS price_cache_to_date, price_cache.data_json AS price_cache_data_json, price_cache.cached_at AS price_cache_cached_at, price_cache.row_count AS price_cache_row_count, price_cache.last_accessed AS price_cache_last_accessed, price_cache.access_count AS price_cache_access_count 
FROM price_cache 
WHERE price_cache.symbol = ? AND price_cache.interval = ? AND price_cache.from_date = ? AND price_cache.to_date = ?
 LIMIT ? OFFSET ?
2026-01-31 00:50:38,768 - sqlalchemy.engine.Engine - INFO - SELECT price_cache.id AS price_cache_id, price_cache.symbol AS price_cache_symbol, price_cache.interval AS price_cache_interval, price_cache.from_date AS price_cache_from_date, price_cache.to_date AS price_cache_to_date, price_cache.data_json AS price_cache_data_json, price_cache.cached_at AS price_cache_cached_at, price_cache.row_count AS price_cache_row_count, price_cache.last_accessed AS price_cache_last_accessed, price_cache.access_count AS price_cache_access_count 
FROM price_cache 
WHERE price_cache.symbol = ? AND price_cache.interval = ? AND price_cache.from_date = ? AND price_cache.to_date = ?
 LIMIT ? OFFSET ?
2026-01-31 00:50:38,769 INFO sqlalchemy.engine.Engine [cached since 427.2s ago] ('RELIANCE', '5minute', '2024-01-05', '2024-01-15', 1, 0)
2026-01-31 00:50:38,769 - sqlalchemy.engine.Engine - INFO - [cached since 427.2s ago] ('RELIANCE', '5minute', '2024-01-05', '2024-01-15', 1, 0)
2026-01-31 00:50:38,771 - app.core.data.persistent_cache - DEBUG - Cache miss (DB) - RELIANCE 2024-01-05-2024-01-15
2026-01-31 00:50:38,771 INFO sqlalchemy.engine.Engine ROLLBACK
2026-01-31 00:50:38,771 - sqlalchemy.engine.Engine - INFO - ROLLBACK
2026-01-31 00:50:38,772 - app.api.v1.endpoints.backtest - DEBUG - Cache miss - fetching from source
2026-01-31 00:50:38,773 - app.core.data.fetcher - INFO - Generating mock data for RELIANCE
2026-01-31 00:50:38,789 INFO sqlalchemy.engine.Engine BEGIN (implicit)
2026-01-31 00:50:38,789 - sqlalchemy.engine.Engine - INFO - BEGIN (implicit)
2026-01-31 00:50:38,790 INFO sqlalchemy.engine.Engine SELECT price_cache.id AS price_cache_id, price_cache.symbol AS price_cache_symbol, price_cache.interval AS price_cache_interval, price_cache.from_date AS price_cache_from_date, price_cache.to_date AS price_cache_to_date, price_cache.data_json AS price_cache_data_json, price_cache.cached_at AS price_cache_cached_at, price_cache.row_count AS price_cache_row_count, price_cache.last_accessed AS price_cache_last_accessed, price_cache.access_count AS price_cache_access_count 
FROM price_cache 
WHERE price_cache.symbol = ? AND price_cache.interval = ? AND price_cache.from_date = ? AND price_cache.to_date = ?
 LIMIT ? OFFSET ?
2026-01-31 00:50:38,790 - sqlalchemy.engine.Engine - INFO - SELECT price_cache.id AS price_cache_id, price_cache.symbol AS price_cache_symbol, price_cache.interval AS price_cache_interval, price_cache.from_date AS price_cache_from_date, price_cache.to_date AS price_cache_to_date, price_cache.data_json AS price_cache_data_json, price_cache.cached_at AS price_cache_cached_at, price_cache.row_count AS price_cache_row_count, price_cache.last_accessed AS price_cache_last_accessed, price_cache.access_count AS price_cache_access_count 
FROM price_cache 
WHERE price_cache.symbol = ? AND price_cache.interval = ? AND price_cache.from_date = ? AND price_cache.to_date = ?
 LIMIT ? OFFSET ?
2026-01-31 00:50:38,790 INFO sqlalchemy.engine.Engine [cached since 427.2s ago] ('RELIANCE', '5minute', '2024-01-05', '2024-01-15', 1, 0)
2026-01-31 00:50:38,790 - sqlalchemy.engine.Engine - INFO - [cached since 427.2s ago] ('RELIANCE', '5minute', '2024-01-05', '2024-01-15', 1, 0)
2026-01-31 00:50:38,793 INFO sqlalchemy.engine.Engine INSERT INTO price_cache (id, symbol, interval, from_date, to_date, data_json, cached_at, row_count, last_accessed, access_count) VALUES (?, ?, ?, ?, ?, ?, CURRENT_TIMESTAMP, ?, CURRENT_TIMESTAMP, ?)
2026-01-31 00:50:38,793 - sqlalchemy.engine.Engine - INFO - INSERT INTO price_cache (id, symbol, interval, from_date, to_date, data_json, cached_at, row_count, last_accessed, access_count) VALUES (?, ?, ?, ?, ?, ?, CURRENT_TIMESTAMP, ?, CURRENT_TIMESTAMP, ?)
2026-01-31 00:50:38,793 INFO sqlalchemy.engine.Engine [cached since 427.2s ago] ('4c662b5a-6da9-41c8-9316-cc6ea46fabfe', 'RELIANCE', '5minute', '2024-01-05', '2024-01-15', '[{"datetime":"2024-01-05T09:15:00.000","close":2501.7704794485,"open":2503.4714957672,"high":2505.456006649,"low":2500.8949244759,"volume":19560},{"d ... (77129 characters truncated) ... 2},{"datetime":"2024-01-15T15:30:00.000","close":2393.0026341319,"open":2396.2463271185,"high":2396.8978307864,"low":2392.9171026907,"volume":44929}]', 532, 1)
2026-01-31 00:50:38,793 - sqlalchemy.engine.Engine - INFO - [cached since 427.2s ago] ('4c662b5a-6da9-41c8-9316-cc6ea46fabfe', 'RELIANCE', '5minute', '2024-01-05', '2024-01-15', '[{"datetime":"2024-01-05T09:15:00.000","close":2501.7704794485,"open":2503.4714957672,"high":2505.456006649,"low":2500.8949244759,"volume":19560},{"d ... (77129 characters truncated) ... 2},{"datetime":"2024-01-15T15:30:00.000","close":2393.0026341319,"open":2396.2463271185,"high":2396.8978307864,"low":2392.9171026907,"volume":44929}]', 532, 1)
2026-01-31 00:50:38,794 INFO sqlalchemy.engine.Engine COMMIT
2026-01-31 00:50:38,794 - sqlalchemy.engine.Engine - INFO - COMMIT
2026-01-31 00:50:38,798 - app.core.data.persistent_cache - INFO - Cache stored (DB) - RELIANCE 532 rows
2026-01-31 00:50:38,799 - app.api.v1.endpoints.backtest - DEBUG - Data cached persistently
2026-01-31 00:50:38,799 - app.api.v1.endpoints.backtest - DEBUG - Data ready - 532 candles received
2026-01-31 00:50:38,799 - app.core.backtest.executor - INFO - TradeExecutor initialized with brokerage_fee: 20.0
2026-01-31 00:50:38,799 - app.api.v1.endpoints.backtest - DEBUG - Running backtest engine for RELIANCE
2026-01-31 00:50:38,799 - app.core.backtest.validator - INFO - Date range valid: 10 days
2026-01-31 00:50:38,799 - app.core.backtest.validator - INFO - Capital valid: ₹75000.0
2026-01-31 00:50:38,799 - app.core.backtest.engine - INFO - Starting backtest - Symbol: RELIANCE, Algorithm: mean_reversion, Capital: 75000.0, Date Range: 2024-01-05 09:15:00 to 2024-01-15 15:30:00
2026-01-31 00:50:38,799 - app.core.backtest.engine - DEBUG - Algorithm Parameters: {'SMA_WINDOW': 15, 'Z_ENTRY': 2.0, 'Z_EXIT_THRESHOLD': 0.8}
2026-01-31 00:50:38,799 - app.core.algorithms.registry - INFO - Instantiating algorithm: mean_reversion
2026-01-31 00:50:38,799 - app.core.algorithms.mean_reversion - INFO - Parameters validated: {'SMA_WINDOW': 15, 'Z_ENTRY': 2.0, 'Z_EXIT_THRESHOLD': 0.8}
2026-01-31 00:50:38,799 - app.core.backtest.engine - INFO - Algorithm initialized: MeanReversionAlgorithm
2026-01-31 00:50:38,826 - app.core.algorithms.mean_reversion - INFO - Generated signals for 532 candles
2026-01-31 00:50:38,827 - app.core.backtest.engine - DEBUG - Signals generated for 518 candles
2026-01-31 00:50:38,827 - app.core.backtest.engine - DEBUG - Backtest loop started - Initial Capital: 75000.0
2026-01-31 00:50:38,829 - app.core.backtest.executor - DEBUG - ENTER_LONG - Capital: 75000.0, Price: 2484.822304496829, Qty: 30, Cost: 74564.66913490486, Capital_after: 435.3308650951367
2026-01-31 00:50:38,829 - app.core.backtest.engine - INFO - BUY signal at 2024-01-05 10:55:00 - Price: 2484.822304496829, Qty: 30, Z-Score: -2.4612
2026-01-31 00:50:38,832 - app.core.backtest.executor - DEBUG - EXIT_LONG - Capital: 435.3308650951367, Qty: 30, Entry: 2484.822304496829, Exit: 2493.505230939913, PnL: 260.4877932925183, Capital_after: 75220.48779329253
2026-01-31 00:50:38,832 - app.core.backtest.engine - INFO - Z-Score EXIT at 2024-01-05 12:10:00 - Type: LONG, Price: 2493.505230939913, PnL: 260.49, Z-Score: 0.9888
2026-01-31 00:50:38,836 - app.core.backtest.executor - DEBUG - ENTER_LONG - Capital: 75220.48779329253, Price: 2501.779901582433, Qty: 30, Cost: 75073.39704747299, Capital_after: 147.09074581954337
2026-01-31 00:50:38,836 - app.core.backtest.engine - INFO - SELL signal at 2024-01-05 13:05:00 - Price: 2501.779901582433, Qty: 30, Z-Score: 2.1230
2026-01-31 00:50:38,838 - app.core.backtest.engine - INFO - Z-Score EXIT at 2024-01-05 13:35:00 - Type: SHORT, Price: 2485.7879487842933, PnL: 479.76, Z-Score: -1.2164
2026-01-31 00:50:38,852 - app.core.backtest.executor - DEBUG - ENTER_LONG - Capital: 606.8493297637333, Price: 2474.3799001258103, Qty: 0, Cost: 0.0, Capital_after: 606.8493297637333
2026-01-31 00:50:38,866 - app.core.backtest.executor - DEBUG - ENTER_LONG - Capital: 606.8493297637333, Price: 2467.158099719024, Qty: 0, Cost: 0.0, Capital_after: 606.8493297637333
2026-01-31 00:50:38,869 - app.core.backtest.executor - DEBUG - ENTER_LONG - Capital: 606.8493297637333, Price: 2452.830227550152, Qty: 0, Cost: 0.0, Capital_after: 606.8493297637333
2026-01-31 00:50:38,881 - app.core.backtest.executor - DEBUG - ENTER_LONG - Capital: 606.8493297637333, Price: 2527.5811233817817, Qty: 0, Cost: 0.0, Capital_after: 606.8493297637333
2026-01-31 00:50:38,884 - app.core.backtest.executor - DEBUG - ENTER_LONG - Capital: 606.8493297637333, Price: 2499.9239609722, Qty: 0, Cost: 0.0, Capital_after: 606.8493297637333
2026-01-31 00:50:38,896 - app.core.backtest.executor - DEBUG - ENTER_LONG - Capital: 606.8493297637333, Price: 2493.9291214102996, Qty: 0, Cost: 0.0, Capital_after: 606.8493297637333
2026-01-31 00:50:38,898 - app.core.backtest.executor - DEBUG - ENTER_LONG - Capital: 606.8493297637333, Price: 2480.079628438102, Qty: 0, Cost: 0.0, Capital_after: 606.8493297637333
2026-01-31 00:50:38,948 - app.core.backtest.engine - INFO - Backtest completed - Symbol: RELIANCE, Total Trades: 4, Initial Capital: 75000.0, Final Capital: 606.8493297637333, Return: -99.19%
2026-01-31 00:50:38,950 INFO sqlalchemy.engine.Engine BEGIN (implicit)
2026-01-31 00:50:38,950 - sqlalchemy.engine.Engine - INFO - BEGIN (implicit)
2026-01-31 00:50:38,951 INFO sqlalchemy.engine.Engine INSERT INTO backtest_results (id, job_id, final_capital, total_return, return_percentage, total_trades, winning_trades, losing_trades, win_rate, max_drawdown, min_capital, sharpe_ratio, profit_factor, avg_trade_duration_minutes, best_trade_pnl, worst_trade_pnl, chart_data, created_at) VALUES (?, ?, ?, ?, ?, ?, ?, ?, ?, ?, ?, ?, ?, ?, ?, ?, ?, CURRENT_TIMESTAMP)
2026-01-31 00:50:38,951 - sqlalchemy.engine.Engine - INFO - INSERT INTO backtest_results (id, job_id, final_capital, total_return, return_percentage, total_trades, winning_trades, losing_trades, win_rate, max_drawdown, min_capital, sharpe_ratio, profit_factor, avg_trade_duration_minutes, best_trade_pnl, worst_trade_pnl, chart_data, created_at) VALUES (?, ?, ?, ?, ?, ?, ?, ?, ?, ?, ?, ?, ?, ?, ?, ?, ?, CURRENT_TIMESTAMP)
2026-01-31 00:50:38,952 INFO sqlalchemy.engine.Engine [cached since 427.1s ago] ('d6c2033f-5997-4437-ab0f-9f8cc53621e0', '3c7c0b4f-5fae-413d-9cc4-282542cb611b', 606.85, -74393.15, -99.1909, 2, 2, 0, 0.0, None, None, None, None, None, None, None, '{"timestamps": ["2024-01-05T09:15:00", "2024-01-05T09:20:00", "2024-01-05T09:25:00", "2024-01-05T09:30:00", "2024-01-05T09:35:00", "2024-01-05T09:40: ... (22387 characters truncated) ... 036836109, 2402.5441502522535, 2404.992185951386, 2404.101830114281, 2392.56719689524, 2393.0026341318717], "sma": [], "z_scores": [], "signals": []}')
2026-01-31 00:50:38,952 - sqlalchemy.engine.Engine - INFO - [cached since 427.1s ago] ('d6c2033f-5997-4437-ab0f-9f8cc53621e0', '3c7c0b4f-5fae-413d-9cc4-282542cb611b', 606.85, -74393.15, -99.1909, 2, 2, 0, 0.0, None, None, None, None, None, None, None, '{"timestamps": ["2024-01-05T09:15:00", "2024-01-05T09:20:00", "2024-01-05T09:25:00", "2024-01-05T09:30:00", "2024-01-05T09:35:00", "2024-01-05T09:40: ... (22387 characters truncated) ... 036836109, 2402.5441502522535, 2404.992185951386, 2404.101830114281, 2392.56719689524, 2393.0026341318717], "sma": [], "z_scores": [], "signals": []}')
2026-01-31 00:50:38,953 INFO sqlalchemy.engine.Engine COMMIT
2026-01-31 00:50:38,953 - sqlalchemy.engine.Engine - INFO - COMMIT
2026-01-31 00:50:38,959 INFO sqlalchemy.engine.Engine BEGIN (implicit)
2026-01-31 00:50:38,959 - sqlalchemy.engine.Engine - INFO - BEGIN (implicit)
2026-01-31 00:50:38,959 INFO sqlalchemy.engine.Engine SELECT backtest_results.id AS backtest_results_id, backtest_results.job_id AS backtest_results_job_id, backtest_results.final_capital AS backtest_results_final_capital, backtest_results.total_return AS backtest_results_total_return, backtest_results.return_percentage AS backtest_results_return_percentage, backtest_results.total_trades AS backtest_results_total_trades, backtest_results.winning_trades AS backtest_results_winning_trades, backtest_results.losing_trades AS backtest_results_losing_trades, backtest_results.win_rate AS backtest_results_win_rate, backtest_results.max_drawdown AS backtest_results_max_drawdown, backtest_results.min_capital AS backtest_results_min_capital, backtest_results.sharpe_ratio AS backtest_results_sharpe_ratio, backtest_results.profit_factor AS backtest_results_profit_factor, backtest_results.avg_trade_duration_minutes AS backtest_results_avg_trade_duration_minutes, backtest_results.best_trade_pnl AS backtest_results_best_trade_pnl, backtest_results.worst_trade_pnl AS backtest_results_worst_trade_pnl, backtest_results.chart_data AS backtest_results_chart_data, backtest_results.created_at AS backtest_results_created_at 
FROM backtest_results 
WHERE backtest_results.id = ?
2026-01-31 00:50:38,959 - sqlalchemy.engine.Engine - INFO - SELECT backtest_results.id AS backtest_results_id, backtest_results.job_id AS backtest_results_job_id, backtest_results.final_capital AS backtest_results_final_capital, backtest_results.total_return AS backtest_results_total_return, backtest_results.return_percentage AS backtest_results_return_percentage, backtest_results.total_trades AS backtest_results_total_trades, backtest_results.winning_trades AS backtest_results_winning_trades, backtest_results.losing_trades AS backtest_results_losing_trades, backtest_results.win_rate AS backtest_results_win_rate, backtest_results.max_drawdown AS backtest_results_max_drawdown, backtest_results.min_capital AS backtest_results_min_capital, backtest_results.sharpe_ratio AS backtest_results_sharpe_ratio, backtest_results.profit_factor AS backtest_results_profit_factor, backtest_results.avg_trade_duration_minutes AS backtest_results_avg_trade_duration_minutes, backtest_results.best_trade_pnl AS backtest_results_best_trade_pnl, backtest_results.worst_trade_pnl AS backtest_results_worst_trade_pnl, backtest_results.chart_data AS backtest_results_chart_data, backtest_results.created_at AS backtest_results_created_at 
FROM backtest_results 
WHERE backtest_results.id = ?
2026-01-31 00:50:38,959 INFO sqlalchemy.engine.Engine [cached since 427.1s ago] ('d6c2033f-5997-4437-ab0f-9f8cc53621e0',)
2026-01-31 00:50:38,959 - sqlalchemy.engine.Engine - INFO - [cached since 427.1s ago] ('d6c2033f-5997-4437-ab0f-9f8cc53621e0',)
2026-01-31 00:50:38,960 - app.api.v1.endpoints.backtest - INFO - Backtest result saved - Job ID: 3c7c0b4f-5fae-413d-9cc4-282542cb611b, Final Capital: 606.85, Total Trades: 2
2026-01-31 00:50:38,961 INFO sqlalchemy.engine.Engine INSERT INTO trades (id, job_id, trade_sequence, trade_type, symbol, trade_time, price, quantity, brokerage_fee, capital_after, pnl, pnl_percentage, z_score, sma, created_at) VALUES (?, ?, ?, ?, ?, ?, ?, ?, ?, ?, ?, ?, ?, ?, CURRENT_TIMESTAMP)
2026-01-31 00:50:38,961 - sqlalchemy.engine.Engine - INFO - INSERT INTO trades (id, job_id, trade_sequence, trade_type, symbol, trade_time, price, quantity, brokerage_fee, capital_after, pnl, pnl_percentage, z_score, sma, created_at) VALUES (?, ?, ?, ?, ?, ?, ?, ?, ?, ?, ?, ?, ?, ?, CURRENT_TIMESTAMP)
2026-01-31 00:50:38,961 INFO sqlalchemy.engine.Engine [cached since 427.1s ago] [('0e250a0e-4e54-42ae-9f38-ded02ac4869b', '3c7c0b4f-5fae-413d-9cc4-282542cb611b', 1, 'BUY', 'RELIANCE', '2024-01-05 10:55:00.000000', 2484.822304496829, 30, 20.0, 435.33, None, None, -2.4611602970116913, 2496.9107075000716), ('5076e6a7-dfb4-4791-bcf4-46948b5e94a6', '3c7c0b4f-5fae-413d-9cc4-282542cb611b', 2, 'EXIT', 'RELIANCE', '2024-01-05 12:10:00.000000', 2493.505230939913, 30, 20.0, 75220.49, 260.49, None, 0.988791343202551, 2489.5702044940194), ('a0eaed85-dc6d-488a-9129-3c179f9f5dcb', '3c7c0b4f-5fae-413d-9cc4-282542cb611b', 3, 'SELL', 'RELIANCE', '2024-01-05 13:05:00.000000', 2501.779901582433, 30, 20.0, 147.09, None, None, 2.1230275963740475, 2491.3109657736522), ('994c74d6-b196-4f09-a450-aa160596d6c6', '3c7c0b4f-5fae-413d-9cc4-282542cb611b', 4, 'EXIT', 'RELIANCE', '2024-01-05 13:35:00.000000', 2485.7879487842933, 30, 20.0, 606.85, 479.76, None, -1.2163692518829783, 2493.048852272372)]
2026-01-31 00:50:38,961 - sqlalchemy.engine.Engine - INFO - [cached since 427.1s ago] [('0e250a0e-4e54-42ae-9f38-ded02ac4869b', '3c7c0b4f-5fae-413d-9cc4-282542cb611b', 1, 'BUY', 'RELIANCE', '2024-01-05 10:55:00.000000', 2484.822304496829, 30, 20.0, 435.33, None, None, -2.4611602970116913, 2496.9107075000716), ('5076e6a7-dfb4-4791-bcf4-46948b5e94a6', '3c7c0b4f-5fae-413d-9cc4-282542cb611b', 2, 'EXIT', 'RELIANCE', '2024-01-05 12:10:00.000000', 2493.505230939913, 30, 20.0, 75220.49, 260.49, None, 0.988791343202551, 2489.5702044940194), ('a0eaed85-dc6d-488a-9129-3c179f9f5dcb', '3c7c0b4f-5fae-413d-9cc4-282542cb611b', 3, 'SELL', 'RELIANCE', '2024-01-05 13:05:00.000000', 2501.779901582433, 30, 20.0, 147.09, None, None, 2.1230275963740475, 2491.3109657736522), ('994c74d6-b196-4f09-a450-aa160596d6c6', '3c7c0b4f-5fae-413d-9cc4-282542cb611b', 4, 'EXIT', 'RELIANCE', '2024-01-05 13:35:00.000000', 2485.7879487842933, 30, 20.0, 606.85, 479.76, None, -1.2163692518829783, 2493.048852272372)]
2026-01-31 00:50:38,961 INFO sqlalchemy.engine.Engine COMMIT
2026-01-31 00:50:38,961 - sqlalchemy.engine.Engine - INFO - COMMIT
2026-01-31 00:50:38,965 - app.api.v1.endpoints.backtest - DEBUG - All trades saved to database - Total: 4
2026-01-31 00:50:38,965 INFO sqlalchemy.engine.Engine BEGIN (implicit)
2026-01-31 00:50:38,965 - sqlalchemy.engine.Engine - INFO - BEGIN (implicit)
2026-01-31 00:50:38,966 INFO sqlalchemy.engine.Engine SELECT backtest_jobs.id AS backtest_jobs_id, backtest_jobs.symbol AS backtest_jobs_symbol, backtest_jobs.algorithm_id AS backtest_jobs_algorithm_id, backtest_jobs.parameters AS backtest_jobs_parameters, backtest_jobs.start_date AS backtest_jobs_start_date, backtest_jobs.end_date AS backtest_jobs_end_date, backtest_jobs.initial_capital AS backtest_jobs_initial_capital, backtest_jobs.allow_short AS backtest_jobs_allow_short, backtest_jobs.brokerage_fee AS backtest_jobs_brokerage_fee, backtest_jobs.error_message AS backtest_jobs_error_message, backtest_jobs.execution_time_ms AS backtest_jobs_execution_time_ms, backtest_jobs.created_at AS backtest_jobs_created_at, backtest_jobs.updated_at AS backtest_jobs_updated_at 
FROM backtest_jobs 
WHERE backtest_jobs.id = ?
2026-01-31 00:50:38,966 - sqlalchemy.engine.Engine - INFO - SELECT backtest_jobs.id AS backtest_jobs_id, backtest_jobs.symbol AS backtest_jobs_symbol, backtest_jobs.algorithm_id AS backtest_jobs_algorithm_id, backtest_jobs.parameters AS backtest_jobs_parameters, backtest_jobs.start_date AS backtest_jobs_start_date, backtest_jobs.end_date AS backtest_jobs_end_date, backtest_jobs.initial_capital AS backtest_jobs_initial_capital, backtest_jobs.allow_short AS backtest_jobs_allow_short, backtest_jobs.brokerage_fee AS backtest_jobs_brokerage_fee, backtest_jobs.error_message AS backtest_jobs_error_message, backtest_jobs.execution_time_ms AS backtest_jobs_execution_time_ms, backtest_jobs.created_at AS backtest_jobs_created_at, backtest_jobs.updated_at AS backtest_jobs_updated_at 
FROM backtest_jobs 
WHERE backtest_jobs.id = ?
2026-01-31 00:50:38,966 INFO sqlalchemy.engine.Engine [cached since 427.1s ago] ('3c7c0b4f-5fae-413d-9cc4-282542cb611b',)
2026-01-31 00:50:38,966 - sqlalchemy.engine.Engine - INFO - [cached since 427.1s ago] ('3c7c0b4f-5fae-413d-9cc4-282542cb611b',)
2026-01-31 00:50:38,967 INFO sqlalchemy.engine.Engine UPDATE backtest_jobs SET status=?, updated_at=CURRENT_TIMESTAMP WHERE backtest_jobs.id = ?
2026-01-31 00:50:38,967 - sqlalchemy.engine.Engine - INFO - UPDATE backtest_jobs SET status=?, updated_at=CURRENT_TIMESTAMP WHERE backtest_jobs.id = ?
2026-01-31 00:50:38,967 INFO sqlalchemy.engine.Engine [cached since 427.1s ago] ('completed', '3c7c0b4f-5fae-413d-9cc4-282542cb611b')
2026-01-31 00:50:38,967 - sqlalchemy.engine.Engine - INFO - [cached since 427.1s ago] ('completed', '3c7c0b4f-5fae-413d-9cc4-282542cb611b')
2026-01-31 00:50:38,967 INFO sqlalchemy.engine.Engine COMMIT
2026-01-31 00:50:38,967 - sqlalchemy.engine.Engine - INFO - COMMIT
2026-01-31 00:50:38,971 - app.api.v1.endpoints.backtest - INFO - Job 3c7c0b4f-5fae-413d-9cc4-282542cb611b completed successfully
INFO:     127.0.0.1:33858 - "POST /api/v1/backtest HTTP/1.1" 202 Accepted
2026-01-31 00:50:38,982 - app.api.v1.endpoints.backtest - INFO - New backtest request - Job ID: 612d51e8-891f-410c-9b0b-9d7068792311, Symbol: RELIANCE, Algorithm: mean_reversion
2026-01-31 00:50:38,983 INFO sqlalchemy.engine.Engine BEGIN (implicit)
2026-01-31 00:50:38,983 - sqlalchemy.engine.Engine - INFO - BEGIN (implicit)
2026-01-31 00:50:38,983 INFO sqlalchemy.engine.Engine INSERT INTO backtest_jobs (id, symbol, algorithm_id, parameters, start_date, end_date, initial_capital, allow_short, brokerage_fee, status, error_message, execution_time_ms, created_at, updated_at) VALUES (?, ?, ?, ?, ?, ?, ?, ?, ?, ?, ?, ?, CURRENT_TIMESTAMP, CURRENT_TIMESTAMP)
2026-01-31 00:50:38,983 - sqlalchemy.engine.Engine - INFO - INSERT INTO backtest_jobs (id, symbol, algorithm_id, parameters, start_date, end_date, initial_capital, allow_short, brokerage_fee, status, error_message, execution_time_ms, created_at, updated_at) VALUES (?, ?, ?, ?, ?, ?, ?, ?, ?, ?, ?, ?, CURRENT_TIMESTAMP, CURRENT_TIMESTAMP)
2026-01-31 00:50:38,983 INFO sqlalchemy.engine.Engine [cached since 427.4s ago] ('612d51e8-891f-410c-9b0b-9d7068792311', 'RELIANCE', 'mean_reversion', '{"SMA_WINDOW": 15, "Z_ENTRY": 2.0, "Z_EXIT_THRESHOLD": 0.8}', '2024-01-05', '2024-01-15', 75000.0, 1, 20.0, 'processing', None, None)
2026-01-31 00:50:38,983 - sqlalchemy.engine.Engine - INFO - [cached since 427.4s ago] ('612d51e8-891f-410c-9b0b-9d7068792311', 'RELIANCE', 'mean_reversion', '{"SMA_WINDOW": 15, "Z_ENTRY": 2.0, "Z_EXIT_THRESHOLD": 0.8}', '2024-01-05', '2024-01-15', 75000.0, 1, 20.0, 'processing', None, None)
2026-01-31 00:50:38,984 INFO sqlalchemy.engine.Engine COMMIT
2026-01-31 00:50:38,984 - sqlalchemy.engine.Engine - INFO - COMMIT
2026-01-31 00:50:38,987 - app.api.v1.endpoints.backtest - DEBUG - Job 612d51e8-891f-410c-9b0b-9d7068792311 created in database
2026-01-31 00:50:38,987 - app.api.v1.endpoints.backtest - DEBUG - Fetching data for RELIANCE from 2024-01-05 to 2024-01-15
2026-01-31 00:50:38,988 INFO sqlalchemy.engine.Engine BEGIN (implicit)
2026-01-31 00:50:38,988 - sqlalchemy.engine.Engine - INFO - BEGIN (implicit)
2026-01-31 00:50:38,989 INFO sqlalchemy.engine.Engine SELECT price_cache.id AS price_cache_id, price_cache.symbol AS price_cache_symbol, price_cache.interval AS price_cache_interval, price_cache.from_date AS price_cache_from_date, price_cache.to_date AS price_cache_to_date, price_cache.data_json AS price_cache_data_json, price_cache.cached_at AS price_cache_cached_at, price_cache.row_count AS price_cache_row_count, price_cache.last_accessed AS price_cache_last_accessed, price_cache.access_count AS price_cache_access_count 
FROM price_cache 
WHERE price_cache.symbol = ? AND price_cache.interval = ? AND price_cache.from_date = ? AND price_cache.to_date = ?
 LIMIT ? OFFSET ?
2026-01-31 00:50:38,989 - sqlalchemy.engine.Engine - INFO - SELECT price_cache.id AS price_cache_id, price_cache.symbol AS price_cache_symbol, price_cache.interval AS price_cache_interval, price_cache.from_date AS price_cache_from_date, price_cache.to_date AS price_cache_to_date, price_cache.data_json AS price_cache_data_json, price_cache.cached_at AS price_cache_cached_at, price_cache.row_count AS price_cache_row_count, price_cache.last_accessed AS price_cache_last_accessed, price_cache.access_count AS price_cache_access_count 
FROM price_cache 
WHERE price_cache.symbol = ? AND price_cache.interval = ? AND price_cache.from_date = ? AND price_cache.to_date = ?
 LIMIT ? OFFSET ?
2026-01-31 00:50:38,989 INFO sqlalchemy.engine.Engine [cached since 427.4s ago] ('RELIANCE', '5minute', '2024-01-05', '2024-01-15', 1, 0)
2026-01-31 00:50:38,989 - sqlalchemy.engine.Engine - INFO - [cached since 427.4s ago] ('RELIANCE', '5minute', '2024-01-05', '2024-01-15', 1, 0)
2026-01-31 00:50:38,990 INFO sqlalchemy.engine.Engine UPDATE price_cache SET last_accessed=?, access_count=? WHERE price_cache.id = ?
2026-01-31 00:50:38,990 - sqlalchemy.engine.Engine - INFO - UPDATE price_cache SET last_accessed=?, access_count=? WHERE price_cache.id = ?
2026-01-31 00:50:38,990 INFO sqlalchemy.engine.Engine [cached since 418.2s ago] ('2026-01-31 00:50:38.990014', 2, '4c662b5a-6da9-41c8-9316-cc6ea46fabfe')
2026-01-31 00:50:38,990 - sqlalchemy.engine.Engine - INFO - [cached since 418.2s ago] ('2026-01-31 00:50:38.990014', 2, '4c662b5a-6da9-41c8-9316-cc6ea46fabfe')
2026-01-31 00:50:38,991 INFO sqlalchemy.engine.Engine COMMIT
2026-01-31 00:50:38,991 - sqlalchemy.engine.Engine - INFO - COMMIT
2026-01-31 00:50:38,996 - app.core.data.persistent_cache - INFO - Cache hit (DB) - RELIANCE 2024-01-05-2024-01-15
2026-01-31 00:50:38,996 INFO sqlalchemy.engine.Engine BEGIN (implicit)
2026-01-31 00:50:38,996 - sqlalchemy.engine.Engine - INFO - BEGIN (implicit)
2026-01-31 00:50:38,997 INFO sqlalchemy.engine.Engine SELECT price_cache.id AS price_cache_id, price_cache.symbol AS price_cache_symbol, price_cache.interval AS price_cache_interval, price_cache.from_date AS price_cache_from_date, price_cache.to_date AS price_cache_to_date, price_cache.data_json AS price_cache_data_json, price_cache.cached_at AS price_cache_cached_at, price_cache.row_count AS price_cache_row_count, price_cache.last_accessed AS price_cache_last_accessed, price_cache.access_count AS price_cache_access_count 
FROM price_cache 
WHERE price_cache.id = ?
2026-01-31 00:50:38,997 - sqlalchemy.engine.Engine - INFO - SELECT price_cache.id AS price_cache_id, price_cache.symbol AS price_cache_symbol, price_cache.interval AS price_cache_interval, price_cache.from_date AS price_cache_from_date, price_cache.to_date AS price_cache_to_date, price_cache.data_json AS price_cache_data_json, price_cache.cached_at AS price_cache_cached_at, price_cache.row_count AS price_cache_row_count, price_cache.last_accessed AS price_cache_last_accessed, price_cache.access_count AS price_cache_access_count 
FROM price_cache 
WHERE price_cache.id = ?
2026-01-31 00:50:38,997 INFO sqlalchemy.engine.Engine [cached since 418.2s ago] ('4c662b5a-6da9-41c8-9316-cc6ea46fabfe',)
2026-01-31 00:50:38,997 - sqlalchemy.engine.Engine - INFO - [cached since 418.2s ago] ('4c662b5a-6da9-41c8-9316-cc6ea46fabfe',)
2026-01-31 00:50:39,011 INFO sqlalchemy.engine.Engine ROLLBACK
2026-01-31 00:50:39,011 - sqlalchemy.engine.Engine - INFO - ROLLBACK
2026-01-31 00:50:39,011 - app.api.v1.endpoints.backtest - DEBUG - Data retrieved from persistent cache
2026-01-31 00:50:39,011 - app.api.v1.endpoints.backtest - DEBUG - Data ready - 532 candles received
2026-01-31 00:50:39,011 - app.core.backtest.executor - INFO - TradeExecutor initialized with brokerage_fee: 20.0
2026-01-31 00:50:39,011 - app.api.v1.endpoints.backtest - DEBUG - Running backtest engine for RELIANCE
2026-01-31 00:50:39,012 - app.core.backtest.validator - INFO - Date range valid: 10 days
2026-01-31 00:50:39,012 - app.core.backtest.validator - INFO - Capital valid: ₹75000.0
2026-01-31 00:50:39,012 - app.core.backtest.engine - INFO - Starting backtest - Symbol: RELIANCE, Algorithm: mean_reversion, Capital: 75000.0, Date Range: 2024-01-05 09:15:00 to 2024-01-15 15:30:00
2026-01-31 00:50:39,012 - app.core.backtest.engine - DEBUG - Algorithm Parameters: {'SMA_WINDOW': 15, 'Z_ENTRY': 2.0, 'Z_EXIT_THRESHOLD': 0.8}
2026-01-31 00:50:39,012 - app.core.algorithms.registry - INFO - Instantiating algorithm: mean_reversion
2026-01-31 00:50:39,012 - app.core.algorithms.mean_reversion - INFO - Parameters validated: {'SMA_WINDOW': 15, 'Z_ENTRY': 2.0, 'Z_EXIT_THRESHOLD': 0.8}
2026-01-31 00:50:39,012 - app.core.backtest.engine - INFO - Algorithm initialized: MeanReversionAlgorithm
2026-01-31 00:50:39,031 - app.core.algorithms.mean_reversion - INFO - Generated signals for 532 candles
2026-01-31 00:50:39,034 - app.core.backtest.engine - DEBUG - Signals generated for 518 candles
2026-01-31 00:50:39,034 - app.core.backtest.engine - DEBUG - Backtest loop started - Initial Capital: 75000.0
2026-01-31 00:50:39,035 - app.core.backtest.executor - DEBUG - ENTER_LONG - Capital: 75000.0, Price: 2484.8223044968, Qty: 30, Cost: 74564.66913490399, Capital_after: 435.3308650960098
2026-01-31 00:50:39,035 - app.core.backtest.engine - INFO - BUY signal at 2024-01-05 10:55:00 - Price: 2484.8223044968, Qty: 30, Z-Score: -2.4612
2026-01-31 00:50:39,040 - app.core.backtest.executor - DEBUG - EXIT_LONG - Capital: 435.3308650960098, Qty: 30, Entry: 2484.8223044968, Exit: 2493.5052309399, PnL: 260.4877932929958, Capital_after: 75220.487793293
2026-01-31 00:50:39,040 - app.core.backtest.engine - INFO - Z-Score EXIT at 2024-01-05 12:10:00 - Type: LONG, Price: 2493.5052309399, PnL: 260.49, Z-Score: 0.9888
2026-01-31 00:50:39,042 - app.core.backtest.executor - DEBUG - ENTER_LONG - Capital: 75220.487793293, Price: 2501.7799015824, Qty: 30, Cost: 75073.397047472, Capital_after: 147.09074582099856
2026-01-31 00:50:39,043 - app.core.backtest.engine - INFO - SELL signal at 2024-01-05 13:05:00 - Price: 2501.7799015824, Qty: 30, Z-Score: 2.1230
2026-01-31 00:50:39,044 - app.core.backtest.engine - INFO - Z-Score EXIT at 2024-01-05 13:35:00 - Type: SHORT, Price: 2485.7879487843, PnL: 479.76, Z-Score: -1.2164
2026-01-31 00:50:39,058 - app.core.backtest.executor - DEBUG - ENTER_LONG - Capital: 606.849329763988, Price: 2474.3799001258, Qty: 0, Cost: 0.0, Capital_after: 606.849329763988
2026-01-31 00:50:39,070 - app.core.backtest.executor - DEBUG - ENTER_LONG - Capital: 606.849329763988, Price: 2467.158099719, Qty: 0, Cost: 0.0, Capital_after: 606.849329763988
2026-01-31 00:50:39,072 - app.core.backtest.executor - DEBUG - ENTER_LONG - Capital: 606.849329763988, Price: 2452.8302275502, Qty: 0, Cost: 0.0, Capital_after: 606.849329763988
2026-01-31 00:50:39,082 - app.core.backtest.executor - DEBUG - ENTER_LONG - Capital: 606.849329763988, Price: 2527.5811233818, Qty: 0, Cost: 0.0, Capital_after: 606.849329763988
2026-01-31 00:50:39,085 - app.core.backtest.executor - DEBUG - ENTER_LONG - Capital: 606.849329763988, Price: 2499.9239609722, Qty: 0, Cost: 0.0, Capital_after: 606.849329763988
2026-01-31 00:50:39,095 - app.core.backtest.executor - DEBUG - ENTER_LONG - Capital: 606.849329763988, Price: 2493.9291214103, Qty: 0, Cost: 0.0, Capital_after: 606.849329763988
2026-01-31 00:50:39,098 - app.core.backtest.executor - DEBUG - ENTER_LONG - Capital: 606.849329763988, Price: 2480.0796284381, Qty: 0, Cost: 0.0, Capital_after: 606.849329763988
2026-01-31 00:50:39,154 - app.core.backtest.engine - INFO - Backtest completed - Symbol: RELIANCE, Total Trades: 4, Initial Capital: 75000.0, Final Capital: 606.849329763988, Return: -99.19%
2026-01-31 00:50:39,157 INFO sqlalchemy.engine.Engine BEGIN (implicit)
2026-01-31 00:50:39,157 - sqlalchemy.engine.Engine - INFO - BEGIN (implicit)
2026-01-31 00:50:39,158 INFO sqlalchemy.engine.Engine INSERT INTO backtest_results (id, job_id, final_capital, total_return, return_percentage, total_trades, winning_trades, losing_trades, win_rate, max_drawdown, min_capital, sharpe_ratio, profit_factor, avg_trade_duration_minutes, best_trade_pnl, worst_trade_pnl, chart_data, created_at) VALUES (?, ?, ?, ?, ?, ?, ?, ?, ?, ?, ?, ?, ?, ?, ?, ?, ?, CURRENT_TIMESTAMP)
2026-01-31 00:50:39,158 - sqlalchemy.engine.Engine - INFO - INSERT INTO backtest_results (id, job_id, final_capital, total_return, return_percentage, total_trades, winning_trades, losing_trades, win_rate, max_drawdown, min_capital, sharpe_ratio, profit_factor, avg_trade_duration_minutes, best_trade_pnl, worst_trade_pnl, chart_data, created_at) VALUES (?, ?, ?, ?, ?, ?, ?, ?, ?, ?, ?, ?, ?, ?, ?, ?, ?, CURRENT_TIMESTAMP)
2026-01-31 00:50:39,158 INFO sqlalchemy.engine.Engine [cached since 427.3s ago] ('30748714-3559-4016-b7ea-720bc44b65db', '612d51e8-891f-410c-9b0b-9d7068792311', 606.85, -74393.15, -99.1909, 2, 2, 0, 0.0, None, None, None, None, None, None, None, '{"timestamps": ["2024-01-05T09:15:00", "2024-01-05T09:20:00", "2024-01-05T09:25:00", "2024-01-05T09:30:00", "2024-01-05T09:35:00", "2024-01-05T09:40: ... (21009 characters truncated) ... 758, 2404.2150368361, 2402.5441502523, 2404.9921859514, 2404.1018301143, 2392.5671968952, 2393.0026341319], "sma": [], "z_scores": [], "signals": []}')
2026-01-31 00:50:39,158 - sqlalchemy.engine.Engine - INFO - [cached since 427.3s ago] ('30748714-3559-4016-b7ea-720bc44b65db', '612d51e8-891f-410c-9b0b-9d7068792311', 606.85, -74393.15, -99.1909, 2, 2, 0, 0.0, None, None, None, None, None, None, None, '{"timestamps": ["2024-01-05T09:15:00", "2024-01-05T09:20:00", "2024-01-05T09:25:00", "2024-01-05T09:30:00", "2024-01-05T09:35:00", "2024-01-05T09:40: ... (21009 characters truncated) ... 758, 2404.2150368361, 2402.5441502523, 2404.9921859514, 2404.1018301143, 2392.5671968952, 2393.0026341319], "sma": [], "z_scores": [], "signals": []}')
2026-01-31 00:50:39,159 INFO sqlalchemy.engine.Engine COMMIT
2026-01-31 00:50:39,159 - sqlalchemy.engine.Engine - INFO - COMMIT
2026-01-31 00:50:39,169 INFO sqlalchemy.engine.Engine BEGIN (implicit)
2026-01-31 00:50:39,169 - sqlalchemy.engine.Engine - INFO - BEGIN (implicit)
2026-01-31 00:50:39,170 INFO sqlalchemy.engine.Engine SELECT backtest_results.id AS backtest_results_id, backtest_results.job_id AS backtest_results_job_id, backtest_results.final_capital AS backtest_results_final_capital, backtest_results.total_return AS backtest_results_total_return, backtest_results.return_percentage AS backtest_results_return_percentage, backtest_results.total_trades AS backtest_results_total_trades, backtest_results.winning_trades AS backtest_results_winning_trades, backtest_results.losing_trades AS backtest_results_losing_trades, backtest_results.win_rate AS backtest_results_win_rate, backtest_results.max_drawdown AS backtest_results_max_drawdown, backtest_results.min_capital AS backtest_results_min_capital, backtest_results.sharpe_ratio AS backtest_results_sharpe_ratio, backtest_results.profit_factor AS backtest_results_profit_factor, backtest_results.avg_trade_duration_minutes AS backtest_results_avg_trade_duration_minutes, backtest_results.best_trade_pnl AS backtest_results_best_trade_pnl, backtest_results.worst_trade_pnl AS backtest_results_worst_trade_pnl, backtest_results.chart_data AS backtest_results_chart_data, backtest_results.created_at AS backtest_results_created_at 
FROM backtest_results 
WHERE backtest_results.id = ?
2026-01-31 00:50:39,170 - sqlalchemy.engine.Engine - INFO - SELECT backtest_results.id AS backtest_results_id, backtest_results.job_id AS backtest_results_job_id, backtest_results.final_capital AS backtest_results_final_capital, backtest_results.total_return AS backtest_results_total_return, backtest_results.return_percentage AS backtest_results_return_percentage, backtest_results.total_trades AS backtest_results_total_trades, backtest_results.winning_trades AS backtest_results_winning_trades, backtest_results.losing_trades AS backtest_results_losing_trades, backtest_results.win_rate AS backtest_results_win_rate, backtest_results.max_drawdown AS backtest_results_max_drawdown, backtest_results.min_capital AS backtest_results_min_capital, backtest_results.sharpe_ratio AS backtest_results_sharpe_ratio, backtest_results.profit_factor AS backtest_results_profit_factor, backtest_results.avg_trade_duration_minutes AS backtest_results_avg_trade_duration_minutes, backtest_results.best_trade_pnl AS backtest_results_best_trade_pnl, backtest_results.worst_trade_pnl AS backtest_results_worst_trade_pnl, backtest_results.chart_data AS backtest_results_chart_data, backtest_results.created_at AS backtest_results_created_at 
FROM backtest_results 
WHERE backtest_results.id = ?
2026-01-31 00:50:39,170 INFO sqlalchemy.engine.Engine [cached since 427.3s ago] ('30748714-3559-4016-b7ea-720bc44b65db',)
2026-01-31 00:50:39,170 - sqlalchemy.engine.Engine - INFO - [cached since 427.3s ago] ('30748714-3559-4016-b7ea-720bc44b65db',)
2026-01-31 00:50:39,171 - app.api.v1.endpoints.backtest - INFO - Backtest result saved - Job ID: 612d51e8-891f-410c-9b0b-9d7068792311, Final Capital: 606.85, Total Trades: 2
2026-01-31 00:50:39,171 INFO sqlalchemy.engine.Engine INSERT INTO trades (id, job_id, trade_sequence, trade_type, symbol, trade_time, price, quantity, brokerage_fee, capital_after, pnl, pnl_percentage, z_score, sma, created_at) VALUES (?, ?, ?, ?, ?, ?, ?, ?, ?, ?, ?, ?, ?, ?, CURRENT_TIMESTAMP)
2026-01-31 00:50:39,171 - sqlalchemy.engine.Engine - INFO - INSERT INTO trades (id, job_id, trade_sequence, trade_type, symbol, trade_time, price, quantity, brokerage_fee, capital_after, pnl, pnl_percentage, z_score, sma, created_at) VALUES (?, ?, ?, ?, ?, ?, ?, ?, ?, ?, ?, ?, ?, ?, CURRENT_TIMESTAMP)
2026-01-31 00:50:39,172 INFO sqlalchemy.engine.Engine [cached since 427.3s ago] [('d408107b-0083-43b8-a4a9-6f858675f525', '612d51e8-891f-410c-9b0b-9d7068792311', 1, 'BUY', 'RELIANCE', '2024-01-05 10:55:00.000000', 2484.8223044968, 30, 20.0, 435.33, None, None, -2.4611602970159323, 2496.9107075000666), ('fcd9b421-1ef6-4075-8ef3-be5fa71a0508', '612d51e8-891f-410c-9b0b-9d7068792311', 2, 'EXIT', 'RELIANCE', '2024-01-05 12:10:00.000000', 2493.5052309399, 30, 20.0, 75220.49, 260.49, None, 0.9887913431944527, 2489.5702044940267), ('ce4b1e27-c2c0-435d-be1d-9e99f34fe4d6', '612d51e8-891f-410c-9b0b-9d7068792311', 3, 'SELL', 'RELIANCE', '2024-01-05 13:05:00.000000', 2501.7799015824, 30, 20.0, 147.09, None, None, 2.12302759637499, 2491.310965773633), ('e602aaa7-0d3f-4ec8-88a9-02ae5fa64add', '612d51e8-891f-410c-9b0b-9d7068792311', 4, 'EXIT', 'RELIANCE', '2024-01-05 13:35:00.000000', 2485.7879487843, 30, 20.0, 606.85, 479.76, None, -1.2163692518788485, 2493.0488522723604)]
2026-01-31 00:50:39,172 - sqlalchemy.engine.Engine - INFO - [cached since 427.3s ago] [('d408107b-0083-43b8-a4a9-6f858675f525', '612d51e8-891f-410c-9b0b-9d7068792311', 1, 'BUY', 'RELIANCE', '2024-01-05 10:55:00.000000', 2484.8223044968, 30, 20.0, 435.33, None, None, -2.4611602970159323, 2496.9107075000666), ('fcd9b421-1ef6-4075-8ef3-be5fa71a0508', '612d51e8-891f-410c-9b0b-9d7068792311', 2, 'EXIT', 'RELIANCE', '2024-01-05 12:10:00.000000', 2493.5052309399, 30, 20.0, 75220.49, 260.49, None, 0.9887913431944527, 2489.5702044940267), ('ce4b1e27-c2c0-435d-be1d-9e99f34fe4d6', '612d51e8-891f-410c-9b0b-9d7068792311', 3, 'SELL', 'RELIANCE', '2024-01-05 13:05:00.000000', 2501.7799015824, 30, 20.0, 147.09, None, None, 2.12302759637499, 2491.310965773633), ('e602aaa7-0d3f-4ec8-88a9-02ae5fa64add', '612d51e8-891f-410c-9b0b-9d7068792311', 4, 'EXIT', 'RELIANCE', '2024-01-05 13:35:00.000000', 2485.7879487843, 30, 20.0, 606.85, 479.76, None, -1.2163692518788485, 2493.0488522723604)]
2026-01-31 00:50:39,172 INFO sqlalchemy.engine.Engine COMMIT
2026-01-31 00:50:39,172 - sqlalchemy.engine.Engine - INFO - COMMIT
2026-01-31 00:50:39,176 - app.api.v1.endpoints.backtest - DEBUG - All trades saved to database - Total: 4
2026-01-31 00:50:39,176 INFO sqlalchemy.engine.Engine BEGIN (implicit)
2026-01-31 00:50:39,176 - sqlalchemy.engine.Engine - INFO - BEGIN (implicit)
2026-01-31 00:50:39,177 INFO sqlalchemy.engine.Engine SELECT backtest_jobs.id AS backtest_jobs_id, backtest_jobs.symbol AS backtest_jobs_symbol, backtest_jobs.algorithm_id AS backtest_jobs_algorithm_id, backtest_jobs.parameters AS backtest_jobs_parameters, backtest_jobs.start_date AS backtest_jobs_start_date, backtest_jobs.end_date AS backtest_jobs_end_date, backtest_jobs.initial_capital AS backtest_jobs_initial_capital, backtest_jobs.allow_short AS backtest_jobs_allow_short, backtest_jobs.brokerage_fee AS backtest_jobs_brokerage_fee, backtest_jobs.error_message AS backtest_jobs_error_message, backtest_jobs.execution_time_ms AS backtest_jobs_execution_time_ms, backtest_jobs.created_at AS backtest_jobs_created_at, backtest_jobs.updated_at AS backtest_jobs_updated_at 
FROM backtest_jobs 
WHERE backtest_jobs.id = ?
2026-01-31 00:50:39,177 - sqlalchemy.engine.Engine - INFO - SELECT backtest_jobs.id AS backtest_jobs_id, backtest_jobs.symbol AS backtest_jobs_symbol, backtest_jobs.algorithm_id AS backtest_jobs_algorithm_id, backtest_jobs.parameters AS backtest_jobs_parameters, backtest_jobs.start_date AS backtest_jobs_start_date, backtest_jobs.end_date AS backtest_jobs_end_date, backtest_jobs.initial_capital AS backtest_jobs_initial_capital, backtest_jobs.allow_short AS backtest_jobs_allow_short, backtest_jobs.brokerage_fee AS backtest_jobs_brokerage_fee, backtest_jobs.error_message AS backtest_jobs_error_message, backtest_jobs.execution_time_ms AS backtest_jobs_execution_time_ms, backtest_jobs.created_at AS backtest_jobs_created_at, backtest_jobs.updated_at AS backtest_jobs_updated_at 
FROM backtest_jobs 
WHERE backtest_jobs.id = ?
2026-01-31 00:50:39,177 INFO sqlalchemy.engine.Engine [cached since 427.3s ago] ('612d51e8-891f-410c-9b0b-9d7068792311',)
2026-01-31 00:50:39,177 - sqlalchemy.engine.Engine - INFO - [cached since 427.3s ago] ('612d51e8-891f-410c-9b0b-9d7068792311',)
2026-01-31 00:50:39,178 INFO sqlalchemy.engine.Engine UPDATE backtest_jobs SET status=?, updated_at=CURRENT_TIMESTAMP WHERE backtest_jobs.id = ?
2026-01-31 00:50:39,178 - sqlalchemy.engine.Engine - INFO - UPDATE backtest_jobs SET status=?, updated_at=CURRENT_TIMESTAMP WHERE backtest_jobs.id = ?
2026-01-31 00:50:39,178 INFO sqlalchemy.engine.Engine [cached since 427.3s ago] ('completed', '612d51e8-891f-410c-9b0b-9d7068792311')
2026-01-31 00:50:39,178 - sqlalchemy.engine.Engine - INFO - [cached since 427.3s ago] ('completed', '612d51e8-891f-410c-9b0b-9d7068792311')
2026-01-31 00:50:39,178 INFO sqlalchemy.engine.Engine COMMIT
2026-01-31 00:50:39,178 - sqlalchemy.engine.Engine - INFO - COMMIT
2026-01-31 00:50:39,182 - app.api.v1.endpoints.backtest - INFO - Job 612d51e8-891f-410c-9b0b-9d7068792311 completed successfully
INFO:     127.0.0.1:33860 - "POST /api/v1/backtest HTTP/1.1" 202 Accepted
2026-01-31 00:50:39,193 - app.api.v1.endpoints.backtest - INFO - New backtest request - Job ID: 1c488445-8a58-4755-a64c-6c4aa30733bf, Symbol: TATVA, Algorithm: mean_reversion
2026-01-31 00:50:39,194 INFO sqlalchemy.engine.Engine BEGIN (implicit)
2026-01-31 00:50:39,194 - sqlalchemy.engine.Engine - INFO - BEGIN (implicit)
2026-01-31 00:50:39,194 INFO sqlalchemy.engine.Engine INSERT INTO backtest_jobs (id, symbol, algorithm_id, parameters, start_date, end_date, initial_capital, allow_short, brokerage_fee, status, error_message, execution_time_ms, created_at, updated_at) VALUES (?, ?, ?, ?, ?, ?, ?, ?, ?, ?, ?, ?, CURRENT_TIMESTAMP, CURRENT_TIMESTAMP)
2026-01-31 00:50:39,194 - sqlalchemy.engine.Engine - INFO - INSERT INTO backtest_jobs (id, symbol, algorithm_id, parameters, start_date, end_date, initial_capital, allow_short, brokerage_fee, status, error_message, execution_time_ms, created_at, updated_at) VALUES (?, ?, ?, ?, ?, ?, ?, ?, ?, ?, ?, ?, CURRENT_TIMESTAMP, CURRENT_TIMESTAMP)
2026-01-31 00:50:39,194 INFO sqlalchemy.engine.Engine [cached since 427.6s ago] ('1c488445-8a58-4755-a64c-6c4aa30733bf', 'TATVA', 'mean_reversion', '{"SMA_WINDOW": 20, "Z_ENTRY": 1.0, "Z_EXIT_THRESHOLD": 0.3}', '2024-01-20', '2024-01-25', 100000.0, 1, 20.0, 'processing', None, None)
2026-01-31 00:50:39,194 - sqlalchemy.engine.Engine - INFO - [cached since 427.6s ago] ('1c488445-8a58-4755-a64c-6c4aa30733bf', 'TATVA', 'mean_reversion', '{"SMA_WINDOW": 20, "Z_ENTRY": 1.0, "Z_EXIT_THRESHOLD": 0.3}', '2024-01-20', '2024-01-25', 100000.0, 1, 20.0, 'processing', None, None)
2026-01-31 00:50:39,195 INFO sqlalchemy.engine.Engine COMMIT
2026-01-31 00:50:39,195 - sqlalchemy.engine.Engine - INFO - COMMIT
2026-01-31 00:50:39,198 - app.api.v1.endpoints.backtest - DEBUG - Job 1c488445-8a58-4755-a64c-6c4aa30733bf created in database
2026-01-31 00:50:39,199 - app.api.v1.endpoints.backtest - DEBUG - Fetching data for TATVA from 2024-01-20 to 2024-01-25
2026-01-31 00:50:39,199 INFO sqlalchemy.engine.Engine BEGIN (implicit)
2026-01-31 00:50:39,199 - sqlalchemy.engine.Engine - INFO - BEGIN (implicit)
2026-01-31 00:50:39,200 INFO sqlalchemy.engine.Engine SELECT price_cache.id AS price_cache_id, price_cache.symbol AS price_cache_symbol, price_cache.interval AS price_cache_interval, price_cache.from_date AS price_cache_from_date, price_cache.to_date AS price_cache_to_date, price_cache.data_json AS price_cache_data_json, price_cache.cached_at AS price_cache_cached_at, price_cache.row_count AS price_cache_row_count, price_cache.last_accessed AS price_cache_last_accessed, price_cache.access_count AS price_cache_access_count 
FROM price_cache 
WHERE price_cache.symbol = ? AND price_cache.interval = ? AND price_cache.from_date = ? AND price_cache.to_date = ?
 LIMIT ? OFFSET ?
2026-01-31 00:50:39,200 - sqlalchemy.engine.Engine - INFO - SELECT price_cache.id AS price_cache_id, price_cache.symbol AS price_cache_symbol, price_cache.interval AS price_cache_interval, price_cache.from_date AS price_cache_from_date, price_cache.to_date AS price_cache_to_date, price_cache.data_json AS price_cache_data_json, price_cache.cached_at AS price_cache_cached_at, price_cache.row_count AS price_cache_row_count, price_cache.last_accessed AS price_cache_last_accessed, price_cache.access_count AS price_cache_access_count 
FROM price_cache 
WHERE price_cache.symbol = ? AND price_cache.interval = ? AND price_cache.from_date = ? AND price_cache.to_date = ?
 LIMIT ? OFFSET ?
2026-01-31 00:50:39,200 INFO sqlalchemy.engine.Engine [cached since 427.6s ago] ('TATVA', '5minute', '2024-01-20', '2024-01-25', 1, 0)
2026-01-31 00:50:39,200 - sqlalchemy.engine.Engine - INFO - [cached since 427.6s ago] ('TATVA', '5minute', '2024-01-20', '2024-01-25', 1, 0)
2026-01-31 00:50:39,201 - app.core.data.persistent_cache - DEBUG - Cache miss (DB) - TATVA 2024-01-20-2024-01-25
2026-01-31 00:50:39,201 INFO sqlalchemy.engine.Engine ROLLBACK
2026-01-31 00:50:39,201 - sqlalchemy.engine.Engine - INFO - ROLLBACK
2026-01-31 00:50:39,202 - app.api.v1.endpoints.backtest - DEBUG - Cache miss - fetching from source
2026-01-31 00:50:39,202 - app.core.data.fetcher - INFO - Generating mock data for TATVA
2026-01-31 00:50:39,207 INFO sqlalchemy.engine.Engine BEGIN (implicit)
2026-01-31 00:50:39,207 - sqlalchemy.engine.Engine - INFO - BEGIN (implicit)
2026-01-31 00:50:39,208 INFO sqlalchemy.engine.Engine SELECT price_cache.id AS price_cache_id, price_cache.symbol AS price_cache_symbol, price_cache.interval AS price_cache_interval, price_cache.from_date AS price_cache_from_date, price_cache.to_date AS price_cache_to_date, price_cache.data_json AS price_cache_data_json, price_cache.cached_at AS price_cache_cached_at, price_cache.row_count AS price_cache_row_count, price_cache.last_accessed AS price_cache_last_accessed, price_cache.access_count AS price_cache_access_count 
FROM price_cache 
WHERE price_cache.symbol = ? AND price_cache.interval = ? AND price_cache.from_date = ? AND price_cache.to_date = ?
 LIMIT ? OFFSET ?
2026-01-31 00:50:39,208 - sqlalchemy.engine.Engine - INFO - SELECT price_cache.id AS price_cache_id, price_cache.symbol AS price_cache_symbol, price_cache.interval AS price_cache_interval, price_cache.from_date AS price_cache_from_date, price_cache.to_date AS price_cache_to_date, price_cache.data_json AS price_cache_data_json, price_cache.cached_at AS price_cache_cached_at, price_cache.row_count AS price_cache_row_count, price_cache.last_accessed AS price_cache_last_accessed, price_cache.access_count AS price_cache_access_count 
FROM price_cache 
WHERE price_cache.symbol = ? AND price_cache.interval = ? AND price_cache.from_date = ? AND price_cache.to_date = ?
 LIMIT ? OFFSET ?
2026-01-31 00:50:39,208 INFO sqlalchemy.engine.Engine [cached since 427.6s ago] ('TATVA', '5minute', '2024-01-20', '2024-01-25', 1, 0)
2026-01-31 00:50:39,208 - sqlalchemy.engine.Engine - INFO - [cached since 427.6s ago] ('TATVA', '5minute', '2024-01-20', '2024-01-25', 1, 0)
2026-01-31 00:50:39,209 INFO sqlalchemy.engine.Engine INSERT INTO price_cache (id, symbol, interval, from_date, to_date, data_json, cached_at, row_count, last_accessed, access_count) VALUES (?, ?, ?, ?, ?, ?, CURRENT_TIMESTAMP, ?, CURRENT_TIMESTAMP, ?)
2026-01-31 00:50:39,209 - sqlalchemy.engine.Engine - INFO - INSERT INTO price_cache (id, symbol, interval, from_date, to_date, data_json, cached_at, row_count, last_accessed, access_count) VALUES (?, ?, ?, ?, ?, ?, CURRENT_TIMESTAMP, ?, CURRENT_TIMESTAMP, ?)
2026-01-31 00:50:39,209 INFO sqlalchemy.engine.Engine [cached since 427.6s ago] ('c334df13-743e-4b75-9807-7f60d0c03486', 'TATVA', '5minute', '2024-01-20', '2024-01-25', '[{"datetime":"2024-01-22T09:15:00.000","close":2508.000290985,"open":2507.27884838,"high":2508.6772717542,"low":2504.2588571692,"volume":55446},{"dat ... (43911 characters truncated) ... 5},{"datetime":"2024-01-25T15:30:00.000","close":2550.9459162883,"open":2551.5672874984,"high":2553.1111628115,"low":2550.5758615153,"volume":67579}]', 304, 1)
2026-01-31 00:50:39,209 - sqlalchemy.engine.Engine - INFO - [cached since 427.6s ago] ('c334df13-743e-4b75-9807-7f60d0c03486', 'TATVA', '5minute', '2024-01-20', '2024-01-25', '[{"datetime":"2024-01-22T09:15:00.000","close":2508.000290985,"open":2507.27884838,"high":2508.6772717542,"low":2504.2588571692,"volume":55446},{"dat ... (43911 characters truncated) ... 5},{"datetime":"2024-01-25T15:30:00.000","close":2550.9459162883,"open":2551.5672874984,"high":2553.1111628115,"low":2550.5758615153,"volume":67579}]', 304, 1)
2026-01-31 00:50:39,211 INFO sqlalchemy.engine.Engine COMMIT
2026-01-31 00:50:39,211 - sqlalchemy.engine.Engine - INFO - COMMIT
2026-01-31 00:50:39,214 - app.core.data.persistent_cache - INFO - Cache stored (DB) - TATVA 304 rows
2026-01-31 00:50:39,214 - app.api.v1.endpoints.backtest - DEBUG - Data cached persistently
2026-01-31 00:50:39,214 - app.api.v1.endpoints.backtest - DEBUG - Data ready - 304 candles received
2026-01-31 00:50:39,215 - app.core.backtest.executor - INFO - TradeExecutor initialized with brokerage_fee: 20.0
2026-01-31 00:50:39,215 - app.api.v1.endpoints.backtest - DEBUG - Running backtest engine for TATVA
2026-01-31 00:50:39,215 - app.core.backtest.validator - INFO - Date range valid: 3 days
2026-01-31 00:50:39,215 - app.core.backtest.validator - INFO - Capital valid: ₹100000.0
2026-01-31 00:50:39,215 - app.core.backtest.engine - INFO - Starting backtest - Symbol: TATVA, Algorithm: mean_reversion, Capital: 100000.0, Date Range: 2024-01-22 09:15:00 to 2024-01-25 15:30:00
2026-01-31 00:50:39,215 - app.core.backtest.engine - DEBUG - Algorithm Parameters: {'SMA_WINDOW': 20, 'Z_ENTRY': 1.0, 'Z_EXIT_THRESHOLD': 0.3}
2026-01-31 00:50:39,215 - app.core.algorithms.registry - INFO - Instantiating algorithm: mean_reversion
2026-01-31 00:50:39,215 - app.core.algorithms.mean_reversion - INFO - Parameters validated: {'SMA_WINDOW': 20, 'Z_ENTRY': 1.0, 'Z_EXIT_THRESHOLD': 0.3}
2026-01-31 00:50:39,215 - app.core.backtest.engine - INFO - Algorithm initialized: MeanReversionAlgorithm
2026-01-31 00:50:39,238 - app.core.algorithms.mean_reversion - INFO - Generated signals for 304 candles
2026-01-31 00:50:39,241 - app.core.backtest.engine - DEBUG - Signals generated for 285 candles
2026-01-31 00:50:39,241 - app.core.backtest.engine - DEBUG - Backtest loop started - Initial Capital: 100000.0
2026-01-31 00:50:39,242 - app.core.backtest.executor - DEBUG - ENTER_LONG - Capital: 100000.0, Price: 2543.8420650508906, Qty: 39, Cost: 99229.84053698473, Capital_after: 770.1594630152686
2026-01-31 00:50:39,242 - app.core.backtest.engine - INFO - SELL signal at 2024-01-22 11:10:00 - Price: 2543.8420650508906, Qty: 39, Z-Score: 2.0521
2026-01-31 00:50:39,249 - app.core.backtest.engine - INFO - Z-Score EXIT at 2024-01-22 13:40:00 - Type: SHORT, Price: 2569.769499680706, PnL: -1011.17, Z-Score: -0.7065
2026-01-31 00:50:39,301 - app.core.backtest.engine - INFO - Backtest completed - Symbol: TATVA, Total Trades: 2, Initial Capital: 100000.0, Final Capital: -261.0104875475263, Return: -100.26%
2026-01-31 00:50:39,304 INFO sqlalchemy.engine.Engine BEGIN (implicit)
2026-01-31 00:50:39,304 - sqlalchemy.engine.Engine - INFO - BEGIN (implicit)
2026-01-31 00:50:39,305 INFO sqlalchemy.engine.Engine INSERT INTO backtest_results (id, job_id, final_capital, total_return, return_percentage, total_trades, winning_trades, losing_trades, win_rate, max_drawdown, min_capital, sharpe_ratio, profit_factor, avg_trade_duration_minutes, best_trade_pnl, worst_trade_pnl, chart_data, created_at) VALUES (?, ?, ?, ?, ?, ?, ?, ?, ?, ?, ?, ?, ?, ?, ?, ?, ?, CURRENT_TIMESTAMP)
2026-01-31 00:50:39,305 - sqlalchemy.engine.Engine - INFO - INSERT INTO backtest_results (id, job_id, final_capital, total_return, return_percentage, total_trades, winning_trades, losing_trades, win_rate, max_drawdown, min_capital, sharpe_ratio, profit_factor, avg_trade_duration_minutes, best_trade_pnl, worst_trade_pnl, chart_data, created_at) VALUES (?, ?, ?, ?, ?, ?, ?, ?, ?, ?, ?, ?, ?, ?, ?, ?, ?, CURRENT_TIMESTAMP)
2026-01-31 00:50:39,305 INFO sqlalchemy.engine.Engine [cached since 427.5s ago] ('61fab362-316c-4612-81b6-8f1b16246728', '1c488445-8a58-4755-a64c-6c4aa30733bf', -261.01, -100261.01, -100.261, 1, 0, 1, 0.0, None, None, None, None, None, None, None, '{"timestamps": ["2024-01-22T09:15:00", "2024-01-22T09:20:00", "2024-01-22T09:25:00", "2024-01-22T09:30:00", "2024-01-22T09:35:00", "2024-01-22T09:40: ... (12704 characters truncated) ... 33147546, 2567.392922661806, 2559.4834316335046, 2553.175364857097, 2549.8346905516637, 2550.945916288308], "sma": [], "z_scores": [], "signals": []}')
2026-01-31 00:50:39,305 - sqlalchemy.engine.Engine - INFO - [cached since 427.5s ago] ('61fab362-316c-4612-81b6-8f1b16246728', '1c488445-8a58-4755-a64c-6c4aa30733bf', -261.01, -100261.01, -100.261, 1, 0, 1, 0.0, None, None, None, None, None, None, None, '{"timestamps": ["2024-01-22T09:15:00", "2024-01-22T09:20:00", "2024-01-22T09:25:00", "2024-01-22T09:30:00", "2024-01-22T09:35:00", "2024-01-22T09:40: ... (12704 characters truncated) ... 33147546, 2567.392922661806, 2559.4834316335046, 2553.175364857097, 2549.8346905516637, 2550.945916288308], "sma": [], "z_scores": [], "signals": []}')
2026-01-31 00:50:39,306 INFO sqlalchemy.engine.Engine COMMIT
2026-01-31 00:50:39,306 - sqlalchemy.engine.Engine - INFO - COMMIT
2026-01-31 00:50:39,314 INFO sqlalchemy.engine.Engine BEGIN (implicit)
2026-01-31 00:50:39,314 - sqlalchemy.engine.Engine - INFO - BEGIN (implicit)
2026-01-31 00:50:39,315 INFO sqlalchemy.engine.Engine SELECT backtest_results.id AS backtest_results_id, backtest_results.job_id AS backtest_results_job_id, backtest_results.final_capital AS backtest_results_final_capital, backtest_results.total_return AS backtest_results_total_return, backtest_results.return_percentage AS backtest_results_return_percentage, backtest_results.total_trades AS backtest_results_total_trades, backtest_results.winning_trades AS backtest_results_winning_trades, backtest_results.losing_trades AS backtest_results_losing_trades, backtest_results.win_rate AS backtest_results_win_rate, backtest_results.max_drawdown AS backtest_results_max_drawdown, backtest_results.min_capital AS backtest_results_min_capital, backtest_results.sharpe_ratio AS backtest_results_sharpe_ratio, backtest_results.profit_factor AS backtest_results_profit_factor, backtest_results.avg_trade_duration_minutes AS backtest_results_avg_trade_duration_minutes, backtest_results.best_trade_pnl AS backtest_results_best_trade_pnl, backtest_results.worst_trade_pnl AS backtest_results_worst_trade_pnl, backtest_results.chart_data AS backtest_results_chart_data, backtest_results.created_at AS backtest_results_created_at 
FROM backtest_results 
WHERE backtest_results.id = ?
2026-01-31 00:50:39,315 - sqlalchemy.engine.Engine - INFO - SELECT backtest_results.id AS backtest_results_id, backtest_results.job_id AS backtest_results_job_id, backtest_results.final_capital AS backtest_results_final_capital, backtest_results.total_return AS backtest_results_total_return, backtest_results.return_percentage AS backtest_results_return_percentage, backtest_results.total_trades AS backtest_results_total_trades, backtest_results.winning_trades AS backtest_results_winning_trades, backtest_results.losing_trades AS backtest_results_losing_trades, backtest_results.win_rate AS backtest_results_win_rate, backtest_results.max_drawdown AS backtest_results_max_drawdown, backtest_results.min_capital AS backtest_results_min_capital, backtest_results.sharpe_ratio AS backtest_results_sharpe_ratio, backtest_results.profit_factor AS backtest_results_profit_factor, backtest_results.avg_trade_duration_minutes AS backtest_results_avg_trade_duration_minutes, backtest_results.best_trade_pnl AS backtest_results_best_trade_pnl, backtest_results.worst_trade_pnl AS backtest_results_worst_trade_pnl, backtest_results.chart_data AS backtest_results_chart_data, backtest_results.created_at AS backtest_results_created_at 
FROM backtest_results 
WHERE backtest_results.id = ?
2026-01-31 00:50:39,316 INFO sqlalchemy.engine.Engine [cached since 427.5s ago] ('61fab362-316c-4612-81b6-8f1b16246728',)
2026-01-31 00:50:39,316 - sqlalchemy.engine.Engine - INFO - [cached since 427.5s ago] ('61fab362-316c-4612-81b6-8f1b16246728',)
2026-01-31 00:50:39,318 - app.api.v1.endpoints.backtest - INFO - Backtest result saved - Job ID: 1c488445-8a58-4755-a64c-6c4aa30733bf, Final Capital: -261.01, Total Trades: 1
2026-01-31 00:50:39,319 INFO sqlalchemy.engine.Engine INSERT INTO trades (id, job_id, trade_sequence, trade_type, symbol, trade_time, price, quantity, brokerage_fee, capital_after, pnl, pnl_percentage, z_score, sma, created_at) VALUES (?, ?, ?, ?, ?, ?, ?, ?, ?, ?, ?, ?, ?, ?, CURRENT_TIMESTAMP)
2026-01-31 00:50:39,319 - sqlalchemy.engine.Engine - INFO - INSERT INTO trades (id, job_id, trade_sequence, trade_type, symbol, trade_time, price, quantity, brokerage_fee, capital_after, pnl, pnl_percentage, z_score, sma, created_at) VALUES (?, ?, ?, ?, ?, ?, ?, ?, ?, ?, ?, ?, ?, ?, CURRENT_TIMESTAMP)
2026-01-31 00:50:39,319 INFO sqlalchemy.engine.Engine [cached since 427.5s ago] [('7910b0f1-fe4f-4a53-ba92-f905b6ec9bca', '1c488445-8a58-4755-a64c-6c4aa30733bf', 1, 'SELL', 'TATVA', '2024-01-22 11:10:00.000000', 2543.8420650508906, 39, 20.0, 770.16, None, None, 2.0520749289990476, 2522.249707513335), ('b9cce767-fcc5-4a1e-b550-3ac073d1fd1f', '1c488445-8a58-4755-a64c-6c4aa30733bf', 2, 'EXIT', 'TATVA', '2024-01-22 13:40:00.000000', 2569.769499680706, 39, 20.0, -261.01, -1011.17, None, -0.706494128911708, 2575.3413158278768)]
2026-01-31 00:50:39,319 - sqlalchemy.engine.Engine - INFO - [cached since 427.5s ago] [('7910b0f1-fe4f-4a53-ba92-f905b6ec9bca', '1c488445-8a58-4755-a64c-6c4aa30733bf', 1, 'SELL', 'TATVA', '2024-01-22 11:10:00.000000', 2543.8420650508906, 39, 20.0, 770.16, None, None, 2.0520749289990476, 2522.249707513335), ('b9cce767-fcc5-4a1e-b550-3ac073d1fd1f', '1c488445-8a58-4755-a64c-6c4aa30733bf', 2, 'EXIT', 'TATVA', '2024-01-22 13:40:00.000000', 2569.769499680706, 39, 20.0, -261.01, -1011.17, None, -0.706494128911708, 2575.3413158278768)]
2026-01-31 00:50:39,321 INFO sqlalchemy.engine.Engine COMMIT
2026-01-31 00:50:39,321 - sqlalchemy.engine.Engine - INFO - COMMIT
2026-01-31 00:50:39,324 - app.api.v1.endpoints.backtest - DEBUG - All trades saved to database - Total: 2
2026-01-31 00:50:39,325 INFO sqlalchemy.engine.Engine BEGIN (implicit)
2026-01-31 00:50:39,325 - sqlalchemy.engine.Engine - INFO - BEGIN (implicit)
2026-01-31 00:50:39,326 INFO sqlalchemy.engine.Engine SELECT backtest_jobs.id AS backtest_jobs_id, backtest_jobs.symbol AS backtest_jobs_symbol, backtest_jobs.algorithm_id AS backtest_jobs_algorithm_id, backtest_jobs.parameters AS backtest_jobs_parameters, backtest_jobs.start_date AS backtest_jobs_start_date, backtest_jobs.end_date AS backtest_jobs_end_date, backtest_jobs.initial_capital AS backtest_jobs_initial_capital, backtest_jobs.allow_short AS backtest_jobs_allow_short, backtest_jobs.brokerage_fee AS backtest_jobs_brokerage_fee, backtest_jobs.error_message AS backtest_jobs_error_message, backtest_jobs.execution_time_ms AS backtest_jobs_execution_time_ms, backtest_jobs.created_at AS backtest_jobs_created_at, backtest_jobs.updated_at AS backtest_jobs_updated_at 
FROM backtest_jobs 
WHERE backtest_jobs.id = ?
2026-01-31 00:50:39,326 - sqlalchemy.engine.Engine - INFO - SELECT backtest_jobs.id AS backtest_jobs_id, backtest_jobs.symbol AS backtest_jobs_symbol, backtest_jobs.algorithm_id AS backtest_jobs_algorithm_id, backtest_jobs.parameters AS backtest_jobs_parameters, backtest_jobs.start_date AS backtest_jobs_start_date, backtest_jobs.end_date AS backtest_jobs_end_date, backtest_jobs.initial_capital AS backtest_jobs_initial_capital, backtest_jobs.allow_short AS backtest_jobs_allow_short, backtest_jobs.brokerage_fee AS backtest_jobs_brokerage_fee, backtest_jobs.error_message AS backtest_jobs_error_message, backtest_jobs.execution_time_ms AS backtest_jobs_execution_time_ms, backtest_jobs.created_at AS backtest_jobs_created_at, backtest_jobs.updated_at AS backtest_jobs_updated_at 
FROM backtest_jobs 
WHERE backtest_jobs.id = ?
2026-01-31 00:50:39,326 INFO sqlalchemy.engine.Engine [cached since 427.5s ago] ('1c488445-8a58-4755-a64c-6c4aa30733bf',)
2026-01-31 00:50:39,326 - sqlalchemy.engine.Engine - INFO - [cached since 427.5s ago] ('1c488445-8a58-4755-a64c-6c4aa30733bf',)
2026-01-31 00:50:39,327 INFO sqlalchemy.engine.Engine UPDATE backtest_jobs SET status=?, updated_at=CURRENT_TIMESTAMP WHERE backtest_jobs.id = ?
2026-01-31 00:50:39,327 - sqlalchemy.engine.Engine - INFO - UPDATE backtest_jobs SET status=?, updated_at=CURRENT_TIMESTAMP WHERE backtest_jobs.id = ?
2026-01-31 00:50:39,327 INFO sqlalchemy.engine.Engine [cached since 427.5s ago] ('completed', '1c488445-8a58-4755-a64c-6c4aa30733bf')
2026-01-31 00:50:39,327 - sqlalchemy.engine.Engine - INFO - [cached since 427.5s ago] ('completed', '1c488445-8a58-4755-a64c-6c4aa30733bf')
2026-01-31 00:50:39,328 INFO sqlalchemy.engine.Engine COMMIT
2026-01-31 00:50:39,328 - sqlalchemy.engine.Engine - INFO - COMMIT
2026-01-31 00:50:39,331 - app.api.v1.endpoints.backtest - INFO - Job 1c488445-8a58-4755-a64c-6c4aa30733bf completed successfully
INFO:     127.0.0.1:33862 - "POST /api/v1/backtest HTTP/1.1" 202 Accepted
2026-01-31 00:50:39,345 - app.api.v1.endpoints.backtest - INFO - New backtest request - Job ID: ee53ad91-38c9-4121-ab5d-fdcf921def75, Symbol: TATVA, Algorithm: mean_reversion
2026-01-31 00:50:39,346 INFO sqlalchemy.engine.Engine BEGIN (implicit)
2026-01-31 00:50:39,346 - sqlalchemy.engine.Engine - INFO - BEGIN (implicit)
2026-01-31 00:50:39,346 INFO sqlalchemy.engine.Engine INSERT INTO backtest_jobs (id, symbol, algorithm_id, parameters, start_date, end_date, initial_capital, allow_short, brokerage_fee, status, error_message, execution_time_ms, created_at, updated_at) VALUES (?, ?, ?, ?, ?, ?, ?, ?, ?, ?, ?, ?, CURRENT_TIMESTAMP, CURRENT_TIMESTAMP)
2026-01-31 00:50:39,346 - sqlalchemy.engine.Engine - INFO - INSERT INTO backtest_jobs (id, symbol, algorithm_id, parameters, start_date, end_date, initial_capital, allow_short, brokerage_fee, status, error_message, execution_time_ms, created_at, updated_at) VALUES (?, ?, ?, ?, ?, ?, ?, ?, ?, ?, ?, ?, CURRENT_TIMESTAMP, CURRENT_TIMESTAMP)
2026-01-31 00:50:39,346 INFO sqlalchemy.engine.Engine [cached since 427.8s ago] ('ee53ad91-38c9-4121-ab5d-fdcf921def75', 'TATVA', 'mean_reversion', '{"SMA_WINDOW": 20, "Z_ENTRY": 1.0, "Z_EXIT_THRESHOLD": 0.3}', '2024-01-20', '2024-01-25', 100000.0, 1, 20.0, 'processing', None, None)
2026-01-31 00:50:39,346 - sqlalchemy.engine.Engine - INFO - [cached since 427.8s ago] ('ee53ad91-38c9-4121-ab5d-fdcf921def75', 'TATVA', 'mean_reversion', '{"SMA_WINDOW": 20, "Z_ENTRY": 1.0, "Z_EXIT_THRESHOLD": 0.3}', '2024-01-20', '2024-01-25', 100000.0, 1, 20.0, 'processing', None, None)
2026-01-31 00:50:39,347 INFO sqlalchemy.engine.Engine COMMIT
2026-01-31 00:50:39,347 - sqlalchemy.engine.Engine - INFO - COMMIT
2026-01-31 00:50:39,351 - app.api.v1.endpoints.backtest - DEBUG - Job ee53ad91-38c9-4121-ab5d-fdcf921def75 created in database
2026-01-31 00:50:39,351 - app.api.v1.endpoints.backtest - DEBUG - Fetching data for TATVA from 2024-01-20 to 2024-01-25
2026-01-31 00:50:39,353 INFO sqlalchemy.engine.Engine BEGIN (implicit)
2026-01-31 00:50:39,353 - sqlalchemy.engine.Engine - INFO - BEGIN (implicit)
2026-01-31 00:50:39,354 INFO sqlalchemy.engine.Engine SELECT price_cache.id AS price_cache_id, price_cache.symbol AS price_cache_symbol, price_cache.interval AS price_cache_interval, price_cache.from_date AS price_cache_from_date, price_cache.to_date AS price_cache_to_date, price_cache.data_json AS price_cache_data_json, price_cache.cached_at AS price_cache_cached_at, price_cache.row_count AS price_cache_row_count, price_cache.last_accessed AS price_cache_last_accessed, price_cache.access_count AS price_cache_access_count 
FROM price_cache 
WHERE price_cache.symbol = ? AND price_cache.interval = ? AND price_cache.from_date = ? AND price_cache.to_date = ?
 LIMIT ? OFFSET ?
2026-01-31 00:50:39,354 - sqlalchemy.engine.Engine - INFO - SELECT price_cache.id AS price_cache_id, price_cache.symbol AS price_cache_symbol, price_cache.interval AS price_cache_interval, price_cache.from_date AS price_cache_from_date, price_cache.to_date AS price_cache_to_date, price_cache.data_json AS price_cache_data_json, price_cache.cached_at AS price_cache_cached_at, price_cache.row_count AS price_cache_row_count, price_cache.last_accessed AS price_cache_last_accessed, price_cache.access_count AS price_cache_access_count 
FROM price_cache 
WHERE price_cache.symbol = ? AND price_cache.interval = ? AND price_cache.from_date = ? AND price_cache.to_date = ?
 LIMIT ? OFFSET ?
2026-01-31 00:50:39,354 INFO sqlalchemy.engine.Engine [cached since 427.8s ago] ('TATVA', '5minute', '2024-01-20', '2024-01-25', 1, 0)
2026-01-31 00:50:39,354 - sqlalchemy.engine.Engine - INFO - [cached since 427.8s ago] ('TATVA', '5minute', '2024-01-20', '2024-01-25', 1, 0)
2026-01-31 00:50:39,355 INFO sqlalchemy.engine.Engine UPDATE price_cache SET last_accessed=?, access_count=? WHERE price_cache.id = ?
2026-01-31 00:50:39,355 - sqlalchemy.engine.Engine - INFO - UPDATE price_cache SET last_accessed=?, access_count=? WHERE price_cache.id = ?
2026-01-31 00:50:39,356 INFO sqlalchemy.engine.Engine [cached since 418.6s ago] ('2026-01-31 00:50:39.355335', 2, 'c334df13-743e-4b75-9807-7f60d0c03486')
2026-01-31 00:50:39,356 - sqlalchemy.engine.Engine - INFO - [cached since 418.6s ago] ('2026-01-31 00:50:39.355335', 2, 'c334df13-743e-4b75-9807-7f60d0c03486')
2026-01-31 00:50:39,356 INFO sqlalchemy.engine.Engine COMMIT
2026-01-31 00:50:39,356 - sqlalchemy.engine.Engine - INFO - COMMIT
2026-01-31 00:50:39,360 - app.core.data.persistent_cache - INFO - Cache hit (DB) - TATVA 2024-01-20-2024-01-25
2026-01-31 00:50:39,361 INFO sqlalchemy.engine.Engine BEGIN (implicit)
2026-01-31 00:50:39,361 - sqlalchemy.engine.Engine - INFO - BEGIN (implicit)
2026-01-31 00:50:39,361 INFO sqlalchemy.engine.Engine SELECT price_cache.id AS price_cache_id, price_cache.symbol AS price_cache_symbol, price_cache.interval AS price_cache_interval, price_cache.from_date AS price_cache_from_date, price_cache.to_date AS price_cache_to_date, price_cache.data_json AS price_cache_data_json, price_cache.cached_at AS price_cache_cached_at, price_cache.row_count AS price_cache_row_count, price_cache.last_accessed AS price_cache_last_accessed, price_cache.access_count AS price_cache_access_count 
FROM price_cache 
WHERE price_cache.id = ?
2026-01-31 00:50:39,361 - sqlalchemy.engine.Engine - INFO - SELECT price_cache.id AS price_cache_id, price_cache.symbol AS price_cache_symbol, price_cache.interval AS price_cache_interval, price_cache.from_date AS price_cache_from_date, price_cache.to_date AS price_cache_to_date, price_cache.data_json AS price_cache_data_json, price_cache.cached_at AS price_cache_cached_at, price_cache.row_count AS price_cache_row_count, price_cache.last_accessed AS price_cache_last_accessed, price_cache.access_count AS price_cache_access_count 
FROM price_cache 
WHERE price_cache.id = ?
2026-01-31 00:50:39,361 INFO sqlalchemy.engine.Engine [cached since 418.6s ago] ('c334df13-743e-4b75-9807-7f60d0c03486',)
2026-01-31 00:50:39,361 - sqlalchemy.engine.Engine - INFO - [cached since 418.6s ago] ('c334df13-743e-4b75-9807-7f60d0c03486',)
2026-01-31 00:50:39,375 INFO sqlalchemy.engine.Engine ROLLBACK
2026-01-31 00:50:39,375 - sqlalchemy.engine.Engine - INFO - ROLLBACK
2026-01-31 00:50:39,375 - app.api.v1.endpoints.backtest - DEBUG - Data retrieved from persistent cache
2026-01-31 00:50:39,375 - app.api.v1.endpoints.backtest - DEBUG - Data ready - 304 candles received
2026-01-31 00:50:39,375 - app.core.backtest.executor - INFO - TradeExecutor initialized with brokerage_fee: 20.0
2026-01-31 00:50:39,376 - app.api.v1.endpoints.backtest - DEBUG - Running backtest engine for TATVA
2026-01-31 00:50:39,376 - app.core.backtest.validator - INFO - Date range valid: 3 days
2026-01-31 00:50:39,376 - app.core.backtest.validator - INFO - Capital valid: ₹100000.0
2026-01-31 00:50:39,376 - app.core.backtest.engine - INFO - Starting backtest - Symbol: TATVA, Algorithm: mean_reversion, Capital: 100000.0, Date Range: 2024-01-22 09:15:00 to 2024-01-25 15:30:00
2026-01-31 00:50:39,376 - app.core.backtest.engine - DEBUG - Algorithm Parameters: {'SMA_WINDOW': 20, 'Z_ENTRY': 1.0, 'Z_EXIT_THRESHOLD': 0.3}
2026-01-31 00:50:39,376 - app.core.algorithms.registry - INFO - Instantiating algorithm: mean_reversion
2026-01-31 00:50:39,376 - app.core.algorithms.mean_reversion - INFO - Parameters validated: {'SMA_WINDOW': 20, 'Z_ENTRY': 1.0, 'Z_EXIT_THRESHOLD': 0.3}
2026-01-31 00:50:39,377 - app.core.backtest.engine - INFO - Algorithm initialized: MeanReversionAlgorithm
2026-01-31 00:50:39,397 - app.core.algorithms.mean_reversion - INFO - Generated signals for 304 candles
2026-01-31 00:50:39,398 - app.core.backtest.engine - DEBUG - Signals generated for 285 candles
2026-01-31 00:50:39,398 - app.core.backtest.engine - DEBUG - Backtest loop started - Initial Capital: 100000.0
2026-01-31 00:50:39,399 - app.core.backtest.executor - DEBUG - ENTER_LONG - Capital: 100000.0, Price: 2543.8420650509, Qty: 39, Cost: 99229.84053698511, Capital_after: 770.1594630148902
2026-01-31 00:50:39,400 - app.core.backtest.engine - INFO - SELL signal at 2024-01-22 11:10:00 - Price: 2543.8420650509, Qty: 39, Z-Score: 2.0521
2026-01-31 00:50:39,408 - app.core.backtest.engine - INFO - Z-Score EXIT at 2024-01-22 13:40:00 - Type: SHORT, Price: 2569.7694996807, PnL: -1011.17, Z-Score: -0.7065
2026-01-31 00:50:39,464 - app.core.backtest.engine - INFO - Backtest completed - Symbol: TATVA, Total Trades: 2, Initial Capital: 100000.0, Final Capital: -261.01048754730164, Return: -100.26%
2026-01-31 00:50:39,466 INFO sqlalchemy.engine.Engine BEGIN (implicit)
2026-01-31 00:50:39,466 - sqlalchemy.engine.Engine - INFO - BEGIN (implicit)
2026-01-31 00:50:39,467 INFO sqlalchemy.engine.Engine INSERT INTO backtest_results (id, job_id, final_capital, total_return, return_percentage, total_trades, winning_trades, losing_trades, win_rate, max_drawdown, min_capital, sharpe_ratio, profit_factor, avg_trade_duration_minutes, best_trade_pnl, worst_trade_pnl, chart_data, created_at) VALUES (?, ?, ?, ?, ?, ?, ?, ?, ?, ?, ?, ?, ?, ?, ?, ?, ?, CURRENT_TIMESTAMP)
2026-01-31 00:50:39,467 - sqlalchemy.engine.Engine - INFO - INSERT INTO backtest_results (id, job_id, final_capital, total_return, return_percentage, total_trades, winning_trades, losing_trades, win_rate, max_drawdown, min_capital, sharpe_ratio, profit_factor, avg_trade_duration_minutes, best_trade_pnl, worst_trade_pnl, chart_data, created_at) VALUES (?, ?, ?, ?, ?, ?, ?, ?, ?, ?, ?, ?, ?, ?, ?, ?, ?, CURRENT_TIMESTAMP)
2026-01-31 00:50:39,467 INFO sqlalchemy.engine.Engine [cached since 427.7s ago] ('2e563a66-c6ec-43bb-8d0f-b8eeb3523745', 'ee53ad91-38c9-4121-ab5d-fdcf921def75', -261.01, -100261.01, -100.261, 1, 0, 1, 0.0, None, None, None, None, None, None, None, '{"timestamps": ["2024-01-22T09:15:00", "2024-01-22T09:20:00", "2024-01-22T09:25:00", "2024-01-22T09:30:00", "2024-01-22T09:35:00", "2024-01-22T09:40: ... (11893 characters truncated) ... 476, 2564.6940133148, 2567.3929226618, 2559.4834316335, 2553.1753648571, 2549.8346905517, 2550.9459162883], "sma": [], "z_scores": [], "signals": []}')
2026-01-31 00:50:39,467 - sqlalchemy.engine.Engine - INFO - [cached since 427.7s ago] ('2e563a66-c6ec-43bb-8d0f-b8eeb3523745', 'ee53ad91-38c9-4121-ab5d-fdcf921def75', -261.01, -100261.01, -100.261, 1, 0, 1, 0.0, None, None, None, None, None, None, None, '{"timestamps": ["2024-01-22T09:15:00", "2024-01-22T09:20:00", "2024-01-22T09:25:00", "2024-01-22T09:30:00", "2024-01-22T09:35:00", "2024-01-22T09:40: ... (11893 characters truncated) ... 476, 2564.6940133148, 2567.3929226618, 2559.4834316335, 2553.1753648571, 2549.8346905517, 2550.9459162883], "sma": [], "z_scores": [], "signals": []}')
2026-01-31 00:50:39,468 INFO sqlalchemy.engine.Engine COMMIT
2026-01-31 00:50:39,468 - sqlalchemy.engine.Engine - INFO - COMMIT
2026-01-31 00:50:39,483 INFO sqlalchemy.engine.Engine BEGIN (implicit)
2026-01-31 00:50:39,483 - sqlalchemy.engine.Engine - INFO - BEGIN (implicit)
2026-01-31 00:50:39,483 INFO sqlalchemy.engine.Engine SELECT backtest_results.id AS backtest_results_id, backtest_results.job_id AS backtest_results_job_id, backtest_results.final_capital AS backtest_results_final_capital, backtest_results.total_return AS backtest_results_total_return, backtest_results.return_percentage AS backtest_results_return_percentage, backtest_results.total_trades AS backtest_results_total_trades, backtest_results.winning_trades AS backtest_results_winning_trades, backtest_results.losing_trades AS backtest_results_losing_trades, backtest_results.win_rate AS backtest_results_win_rate, backtest_results.max_drawdown AS backtest_results_max_drawdown, backtest_results.min_capital AS backtest_results_min_capital, backtest_results.sharpe_ratio AS backtest_results_sharpe_ratio, backtest_results.profit_factor AS backtest_results_profit_factor, backtest_results.avg_trade_duration_minutes AS backtest_results_avg_trade_duration_minutes, backtest_results.best_trade_pnl AS backtest_results_best_trade_pnl, backtest_results.worst_trade_pnl AS backtest_results_worst_trade_pnl, backtest_results.chart_data AS backtest_results_chart_data, backtest_results.created_at AS backtest_results_created_at 
FROM backtest_results 
WHERE backtest_results.id = ?
2026-01-31 00:50:39,483 - sqlalchemy.engine.Engine - INFO - SELECT backtest_results.id AS backtest_results_id, backtest_results.job_id AS backtest_results_job_id, backtest_results.final_capital AS backtest_results_final_capital, backtest_results.total_return AS backtest_results_total_return, backtest_results.return_percentage AS backtest_results_return_percentage, backtest_results.total_trades AS backtest_results_total_trades, backtest_results.winning_trades AS backtest_results_winning_trades, backtest_results.losing_trades AS backtest_results_losing_trades, backtest_results.win_rate AS backtest_results_win_rate, backtest_results.max_drawdown AS backtest_results_max_drawdown, backtest_results.min_capital AS backtest_results_min_capital, backtest_results.sharpe_ratio AS backtest_results_sharpe_ratio, backtest_results.profit_factor AS backtest_results_profit_factor, backtest_results.avg_trade_duration_minutes AS backtest_results_avg_trade_duration_minutes, backtest_results.best_trade_pnl AS backtest_results_best_trade_pnl, backtest_results.worst_trade_pnl AS backtest_results_worst_trade_pnl, backtest_results.chart_data AS backtest_results_chart_data, backtest_results.created_at AS backtest_results_created_at 
FROM backtest_results 
WHERE backtest_results.id = ?
2026-01-31 00:50:39,483 INFO sqlalchemy.engine.Engine [cached since 427.7s ago] ('2e563a66-c6ec-43bb-8d0f-b8eeb3523745',)
2026-01-31 00:50:39,483 - sqlalchemy.engine.Engine - INFO - [cached since 427.7s ago] ('2e563a66-c6ec-43bb-8d0f-b8eeb3523745',)
2026-01-31 00:50:39,484 - app.api.v1.endpoints.backtest - INFO - Backtest result saved - Job ID: ee53ad91-38c9-4121-ab5d-fdcf921def75, Final Capital: -261.01, Total Trades: 1
2026-01-31 00:50:39,484 INFO sqlalchemy.engine.Engine INSERT INTO trades (id, job_id, trade_sequence, trade_type, symbol, trade_time, price, quantity, brokerage_fee, capital_after, pnl, pnl_percentage, z_score, sma, created_at) VALUES (?, ?, ?, ?, ?, ?, ?, ?, ?, ?, ?, ?, ?, ?, CURRENT_TIMESTAMP)
2026-01-31 00:50:39,484 - sqlalchemy.engine.Engine - INFO - INSERT INTO trades (id, job_id, trade_sequence, trade_type, symbol, trade_time, price, quantity, brokerage_fee, capital_after, pnl, pnl_percentage, z_score, sma, created_at) VALUES (?, ?, ?, ?, ?, ?, ?, ?, ?, ?, ?, ?, ?, ?, CURRENT_TIMESTAMP)
2026-01-31 00:50:39,485 INFO sqlalchemy.engine.Engine [cached since 427.7s ago] [('2fed70fd-0a34-40dd-a6fa-b3556c9413a0', 'ee53ad91-38c9-4121-ab5d-fdcf921def75', 1, 'SELL', 'TATVA', '2024-01-22 11:10:00.000000', 2543.8420650509, 39, 20.0, 770.16, None, None, 2.0520749289989895, 2522.24970751334), ('09145067-65a3-4bb0-a162-a77b77520bbf', 'ee53ad91-38c9-4121-ab5d-fdcf921def75', 2, 'EXIT', 'TATVA', '2024-01-22 13:40:00.000000', 2569.7694996807, 39, 20.0, -261.01, -1011.17, None, -0.7064941289140428, 2575.34131582788)]
2026-01-31 00:50:39,485 - sqlalchemy.engine.Engine - INFO - [cached since 427.7s ago] [('2fed70fd-0a34-40dd-a6fa-b3556c9413a0', 'ee53ad91-38c9-4121-ab5d-fdcf921def75', 1, 'SELL', 'TATVA', '2024-01-22 11:10:00.000000', 2543.8420650509, 39, 20.0, 770.16, None, None, 2.0520749289989895, 2522.24970751334), ('09145067-65a3-4bb0-a162-a77b77520bbf', 'ee53ad91-38c9-4121-ab5d-fdcf921def75', 2, 'EXIT', 'TATVA', '2024-01-22 13:40:00.000000', 2569.7694996807, 39, 20.0, -261.01, -1011.17, None, -0.7064941289140428, 2575.34131582788)]
2026-01-31 00:50:39,485 INFO sqlalchemy.engine.Engine COMMIT
2026-01-31 00:50:39,485 - sqlalchemy.engine.Engine - INFO - COMMIT
2026-01-31 00:50:39,489 - app.api.v1.endpoints.backtest - DEBUG - All trades saved to database - Total: 2
2026-01-31 00:50:39,489 INFO sqlalchemy.engine.Engine BEGIN (implicit)
2026-01-31 00:50:39,489 - sqlalchemy.engine.Engine - INFO - BEGIN (implicit)
2026-01-31 00:50:39,490 INFO sqlalchemy.engine.Engine SELECT backtest_jobs.id AS backtest_jobs_id, backtest_jobs.symbol AS backtest_jobs_symbol, backtest_jobs.algorithm_id AS backtest_jobs_algorithm_id, backtest_jobs.parameters AS backtest_jobs_parameters, backtest_jobs.start_date AS backtest_jobs_start_date, backtest_jobs.end_date AS backtest_jobs_end_date, backtest_jobs.initial_capital AS backtest_jobs_initial_capital, backtest_jobs.allow_short AS backtest_jobs_allow_short, backtest_jobs.brokerage_fee AS backtest_jobs_brokerage_fee, backtest_jobs.error_message AS backtest_jobs_error_message, backtest_jobs.execution_time_ms AS backtest_jobs_execution_time_ms, backtest_jobs.created_at AS backtest_jobs_created_at, backtest_jobs.updated_at AS backtest_jobs_updated_at 
FROM backtest_jobs 
WHERE backtest_jobs.id = ?
2026-01-31 00:50:39,490 - sqlalchemy.engine.Engine - INFO - SELECT backtest_jobs.id AS backtest_jobs_id, backtest_jobs.symbol AS backtest_jobs_symbol, backtest_jobs.algorithm_id AS backtest_jobs_algorithm_id, backtest_jobs.parameters AS backtest_jobs_parameters, backtest_jobs.start_date AS backtest_jobs_start_date, backtest_jobs.end_date AS backtest_jobs_end_date, backtest_jobs.initial_capital AS backtest_jobs_initial_capital, backtest_jobs.allow_short AS backtest_jobs_allow_short, backtest_jobs.brokerage_fee AS backtest_jobs_brokerage_fee, backtest_jobs.error_message AS backtest_jobs_error_message, backtest_jobs.execution_time_ms AS backtest_jobs_execution_time_ms, backtest_jobs.created_at AS backtest_jobs_created_at, backtest_jobs.updated_at AS backtest_jobs_updated_at 
FROM backtest_jobs 
WHERE backtest_jobs.id = ?
2026-01-31 00:50:39,490 INFO sqlalchemy.engine.Engine [cached since 427.6s ago] ('ee53ad91-38c9-4121-ab5d-fdcf921def75',)
2026-01-31 00:50:39,490 - sqlalchemy.engine.Engine - INFO - [cached since 427.6s ago] ('ee53ad91-38c9-4121-ab5d-fdcf921def75',)
2026-01-31 00:50:39,490 INFO sqlalchemy.engine.Engine UPDATE backtest_jobs SET status=?, updated_at=CURRENT_TIMESTAMP WHERE backtest_jobs.id = ?
2026-01-31 00:50:39,490 - sqlalchemy.engine.Engine - INFO - UPDATE backtest_jobs SET status=?, updated_at=CURRENT_TIMESTAMP WHERE backtest_jobs.id = ?
2026-01-31 00:50:39,491 INFO sqlalchemy.engine.Engine [cached since 427.6s ago] ('completed', 'ee53ad91-38c9-4121-ab5d-fdcf921def75')
2026-01-31 00:50:39,491 - sqlalchemy.engine.Engine - INFO - [cached since 427.6s ago] ('completed', 'ee53ad91-38c9-4121-ab5d-fdcf921def75')
2026-01-31 00:50:39,491 INFO sqlalchemy.engine.Engine COMMIT
2026-01-31 00:50:39,491 - sqlalchemy.engine.Engine - INFO - COMMIT
2026-01-31 00:50:39,494 - app.api.v1.endpoints.backtest - INFO - Job ee53ad91-38c9-4121-ab5d-fdcf921def75 completed successfully
INFO:     127.0.0.1:33866 - "POST /api/v1/backtest HTTP/1.1" 202 Accepted
2026-01-31 00:50:39,509 INFO sqlalchemy.engine.Engine BEGIN (implicit)
2026-01-31 00:50:39,509 - sqlalchemy.engine.Engine - INFO - BEGIN (implicit)
2026-01-31 00:50:39,510 INFO sqlalchemy.engine.Engine SELECT price_cache.id AS price_cache_id, price_cache.symbol AS price_cache_symbol, price_cache.interval AS price_cache_interval, price_cache.from_date AS price_cache_from_date, price_cache.to_date AS price_cache_to_date, price_cache.data_json AS price_cache_data_json, price_cache.cached_at AS price_cache_cached_at, price_cache.row_count AS price_cache_row_count, price_cache.last_accessed AS price_cache_last_accessed, price_cache.access_count AS price_cache_access_count 
FROM price_cache
2026-01-31 00:50:39,510 - sqlalchemy.engine.Engine - INFO - SELECT price_cache.id AS price_cache_id, price_cache.symbol AS price_cache_symbol, price_cache.interval AS price_cache_interval, price_cache.from_date AS price_cache_from_date, price_cache.to_date AS price_cache_to_date, price_cache.data_json AS price_cache_data_json, price_cache.cached_at AS price_cache_cached_at, price_cache.row_count AS price_cache_row_count, price_cache.last_accessed AS price_cache_last_accessed, price_cache.access_count AS price_cache_access_count 
FROM price_cache
2026-01-31 00:50:39,510 INFO sqlalchemy.engine.Engine [cached since 441.1s ago] ()
2026-01-31 00:50:39,510 - sqlalchemy.engine.Engine - INFO - [cached since 441.1s ago] ()
2026-01-31 00:50:39,511 INFO sqlalchemy.engine.Engine ROLLBACK
2026-01-31 00:50:39,511 - sqlalchemy.engine.Engine - INFO - ROLLBACK
INFO:     127.0.0.1:33880 - "GET /api/v1/cache/stats HTTP/1.1" 200 OK
2026-01-31 00:50:39,548 INFO sqlalchemy.engine.Engine BEGIN (implicit)
2026-01-31 00:50:39,548 - sqlalchemy.engine.Engine - INFO - BEGIN (implicit)
2026-01-31 00:50:39,548 INFO sqlalchemy.engine.Engine DELETE FROM price_cache WHERE price_cache.cached_at < ?
2026-01-31 00:50:39,548 - sqlalchemy.engine.Engine - INFO - DELETE FROM price_cache WHERE price_cache.cached_at < ?
2026-01-31 00:50:39,549 INFO sqlalchemy.engine.Engine [cached since 441.1s ago] ('2026-01-31 00:50:39.547812',)
2026-01-31 00:50:39,549 - sqlalchemy.engine.Engine - INFO - [cached since 441.1s ago] ('2026-01-31 00:50:39.547812',)
2026-01-31 00:50:39,551 INFO sqlalchemy.engine.Engine COMMIT
2026-01-31 00:50:39,551 - sqlalchemy.engine.Engine - INFO - COMMIT
2026-01-31 00:50:39,558 - app.core.data.persistent_cache - INFO - Cleaned 4 old cache entries (DB)
INFO:     127.0.0.1:33892 - "POST /api/v1/cache/cleanup?days_old=0 HTTP/1.1" 200 OK
2026-01-31 00:50:39,604 INFO sqlalchemy.engine.Engine BEGIN (implicit)
2026-01-31 00:50:39,604 - sqlalchemy.engine.Engine - INFO - BEGIN (implicit)
2026-01-31 00:50:39,605 INFO sqlalchemy.engine.Engine SELECT price_cache.id AS price_cache_id, price_cache.symbol AS price_cache_symbol, price_cache.interval AS price_cache_interval, price_cache.from_date AS price_cache_from_date, price_cache.to_date AS price_cache_to_date, price_cache.data_json AS price_cache_data_json, price_cache.cached_at AS price_cache_cached_at, price_cache.row_count AS price_cache_row_count, price_cache.last_accessed AS price_cache_last_accessed, price_cache.access_count AS price_cache_access_count 
FROM price_cache
2026-01-31 00:50:39,605 - sqlalchemy.engine.Engine - INFO - SELECT price_cache.id AS price_cache_id, price_cache.symbol AS price_cache_symbol, price_cache.interval AS price_cache_interval, price_cache.from_date AS price_cache_from_date, price_cache.to_date AS price_cache_to_date, price_cache.data_json AS price_cache_data_json, price_cache.cached_at AS price_cache_cached_at, price_cache.row_count AS price_cache_row_count, price_cache.last_accessed AS price_cache_last_accessed, price_cache.access_count AS price_cache_access_count 
FROM price_cache
2026-01-31 00:50:39,605 INFO sqlalchemy.engine.Engine [cached since 441.2s ago] ()
2026-01-31 00:50:39,605 - sqlalchemy.engine.Engine - INFO - [cached since 441.2s ago] ()
2026-01-31 00:50:39,606 INFO sqlalchemy.engine.Engine ROLLBACK
2026-01-31 00:50:39,606 - sqlalchemy.engine.Engine - INFO - ROLLBACK
INFO:     127.0.0.1:33894 - "GET /api/v1/cache/stats HTTP/1.1" 200 OK
2026-01-31 00:51:22,753 - app.api.v1.endpoints.backtest - INFO - New backtest request - Job ID: d627c39b-e9c1-40d8-a2be-56382bc29454, Symbol: INFY, Algorithm: mean_reversion
2026-01-31 00:51:22,754 INFO sqlalchemy.engine.Engine BEGIN (implicit)
2026-01-31 00:51:22,754 - sqlalchemy.engine.Engine - INFO - BEGIN (implicit)
2026-01-31 00:51:22,755 INFO sqlalchemy.engine.Engine INSERT INTO backtest_jobs (id, symbol, algorithm_id, parameters, start_date, end_date, initial_capital, allow_short, brokerage_fee, status, error_message, execution_time_ms, created_at, updated_at) VALUES (?, ?, ?, ?, ?, ?, ?, ?, ?, ?, ?, ?, CURRENT_TIMESTAMP, CURRENT_TIMESTAMP)
2026-01-31 00:51:22,755 - sqlalchemy.engine.Engine - INFO - INSERT INTO backtest_jobs (id, symbol, algorithm_id, parameters, start_date, end_date, initial_capital, allow_short, brokerage_fee, status, error_message, execution_time_ms, created_at, updated_at) VALUES (?, ?, ?, ?, ?, ?, ?, ?, ?, ?, ?, ?, CURRENT_TIMESTAMP, CURRENT_TIMESTAMP)
2026-01-31 00:51:22,755 INFO sqlalchemy.engine.Engine [cached since 471.2s ago] ('d627c39b-e9c1-40d8-a2be-56382bc29454', 'INFY', 'mean_reversion', '{"SMA_WINDOW": 20, "Z_ENTRY": 1.5, "Z_EXIT_THRESHOLD": 0.5}', '2024-01-01', '2024-01-20', 50000.0, 1, 20.0, 'processing', None, None)
2026-01-31 00:51:22,755 - sqlalchemy.engine.Engine - INFO - [cached since 471.2s ago] ('d627c39b-e9c1-40d8-a2be-56382bc29454', 'INFY', 'mean_reversion', '{"SMA_WINDOW": 20, "Z_ENTRY": 1.5, "Z_EXIT_THRESHOLD": 0.5}', '2024-01-01', '2024-01-20', 50000.0, 1, 20.0, 'processing', None, None)
2026-01-31 00:51:22,757 INFO sqlalchemy.engine.Engine COMMIT
2026-01-31 00:51:22,757 - sqlalchemy.engine.Engine - INFO - COMMIT
2026-01-31 00:51:22,766 - app.api.v1.endpoints.backtest - DEBUG - Job d627c39b-e9c1-40d8-a2be-56382bc29454 created in database
2026-01-31 00:51:22,767 - app.api.v1.endpoints.backtest - DEBUG - Fetching data for INFY from 2024-01-01 to 2024-01-20
2026-01-31 00:51:22,769 INFO sqlalchemy.engine.Engine BEGIN (implicit)
2026-01-31 00:51:22,769 - sqlalchemy.engine.Engine - INFO - BEGIN (implicit)
2026-01-31 00:51:22,769 INFO sqlalchemy.engine.Engine SELECT price_cache.id AS price_cache_id, price_cache.symbol AS price_cache_symbol, price_cache.interval AS price_cache_interval, price_cache.from_date AS price_cache_from_date, price_cache.to_date AS price_cache_to_date, price_cache.data_json AS price_cache_data_json, price_cache.cached_at AS price_cache_cached_at, price_cache.row_count AS price_cache_row_count, price_cache.last_accessed AS price_cache_last_accessed, price_cache.access_count AS price_cache_access_count 
FROM price_cache 
WHERE price_cache.symbol = ? AND price_cache.interval = ? AND price_cache.from_date = ? AND price_cache.to_date = ?
 LIMIT ? OFFSET ?
2026-01-31 00:51:22,769 - sqlalchemy.engine.Engine - INFO - SELECT price_cache.id AS price_cache_id, price_cache.symbol AS price_cache_symbol, price_cache.interval AS price_cache_interval, price_cache.from_date AS price_cache_from_date, price_cache.to_date AS price_cache_to_date, price_cache.data_json AS price_cache_data_json, price_cache.cached_at AS price_cache_cached_at, price_cache.row_count AS price_cache_row_count, price_cache.last_accessed AS price_cache_last_accessed, price_cache.access_count AS price_cache_access_count 
FROM price_cache 
WHERE price_cache.symbol = ? AND price_cache.interval = ? AND price_cache.from_date = ? AND price_cache.to_date = ?
 LIMIT ? OFFSET ?
2026-01-31 00:51:22,769 INFO sqlalchemy.engine.Engine [cached since 471.2s ago] ('INFY', '5minute', '2024-01-01', '2024-01-20', 1, 0)
2026-01-31 00:51:22,769 - sqlalchemy.engine.Engine - INFO - [cached since 471.2s ago] ('INFY', '5minute', '2024-01-01', '2024-01-20', 1, 0)
2026-01-31 00:51:22,771 - app.core.data.persistent_cache - DEBUG - Cache miss (DB) - INFY 2024-01-01-2024-01-20
2026-01-31 00:51:22,771 INFO sqlalchemy.engine.Engine ROLLBACK
2026-01-31 00:51:22,771 - sqlalchemy.engine.Engine - INFO - ROLLBACK
2026-01-31 00:51:22,772 - app.api.v1.endpoints.backtest - DEBUG - Cache miss - fetching from source
2026-01-31 00:51:22,772 - app.core.data.fetcher - INFO - Generating mock data for INFY
2026-01-31 00:51:22,789 INFO sqlalchemy.engine.Engine BEGIN (implicit)
2026-01-31 00:51:22,789 - sqlalchemy.engine.Engine - INFO - BEGIN (implicit)
2026-01-31 00:51:22,790 INFO sqlalchemy.engine.Engine SELECT price_cache.id AS price_cache_id, price_cache.symbol AS price_cache_symbol, price_cache.interval AS price_cache_interval, price_cache.from_date AS price_cache_from_date, price_cache.to_date AS price_cache_to_date, price_cache.data_json AS price_cache_data_json, price_cache.cached_at AS price_cache_cached_at, price_cache.row_count AS price_cache_row_count, price_cache.last_accessed AS price_cache_last_accessed, price_cache.access_count AS price_cache_access_count 
FROM price_cache 
WHERE price_cache.symbol = ? AND price_cache.interval = ? AND price_cache.from_date = ? AND price_cache.to_date = ?
 LIMIT ? OFFSET ?
2026-01-31 00:51:22,790 - sqlalchemy.engine.Engine - INFO - SELECT price_cache.id AS price_cache_id, price_cache.symbol AS price_cache_symbol, price_cache.interval AS price_cache_interval, price_cache.from_date AS price_cache_from_date, price_cache.to_date AS price_cache_to_date, price_cache.data_json AS price_cache_data_json, price_cache.cached_at AS price_cache_cached_at, price_cache.row_count AS price_cache_row_count, price_cache.last_accessed AS price_cache_last_accessed, price_cache.access_count AS price_cache_access_count 
FROM price_cache 
WHERE price_cache.symbol = ? AND price_cache.interval = ? AND price_cache.from_date = ? AND price_cache.to_date = ?
 LIMIT ? OFFSET ?
2026-01-31 00:51:22,790 INFO sqlalchemy.engine.Engine [cached since 471.2s ago] ('INFY', '5minute', '2024-01-01', '2024-01-20', 1, 0)
2026-01-31 00:51:22,790 - sqlalchemy.engine.Engine - INFO - [cached since 471.2s ago] ('INFY', '5minute', '2024-01-01', '2024-01-20', 1, 0)
2026-01-31 00:51:22,793 INFO sqlalchemy.engine.Engine INSERT INTO price_cache (id, symbol, interval, from_date, to_date, data_json, cached_at, row_count, last_accessed, access_count) VALUES (?, ?, ?, ?, ?, ?, CURRENT_TIMESTAMP, ?, CURRENT_TIMESTAMP, ?)
2026-01-31 00:51:22,793 - sqlalchemy.engine.Engine - INFO - INSERT INTO price_cache (id, symbol, interval, from_date, to_date, data_json, cached_at, row_count, last_accessed, access_count) VALUES (?, ?, ?, ?, ?, ?, CURRENT_TIMESTAMP, ?, CURRENT_TIMESTAMP, ?)
2026-01-31 00:51:22,793 INFO sqlalchemy.engine.Engine [cached since 471.2s ago] ('bb829672-e6ba-44b9-8eec-3b989c37cb9b', 'INFY', '5minute', '2024-01-01', '2024-01-20', '[{"datetime":"2024-01-01T09:15:00.000","close":2509.1524843522,"open":2508.1758962707,"high":2510.1970817057,"low":2507.4371929303,"volume":22890},{" ... (165510 characters truncated) ... 1},{"datetime":"2024-01-19T15:30:00.000","close":2543.6886296997,"open":2541.3722688802,"high":2546.5859468257,"low":2537.9123475473,"volume":16450}]', 1140, 1)
2026-01-31 00:51:22,793 - sqlalchemy.engine.Engine - INFO - [cached since 471.2s ago] ('bb829672-e6ba-44b9-8eec-3b989c37cb9b', 'INFY', '5minute', '2024-01-01', '2024-01-20', '[{"datetime":"2024-01-01T09:15:00.000","close":2509.1524843522,"open":2508.1758962707,"high":2510.1970817057,"low":2507.4371929303,"volume":22890},{" ... (165510 characters truncated) ... 1},{"datetime":"2024-01-19T15:30:00.000","close":2543.6886296997,"open":2541.3722688802,"high":2546.5859468257,"low":2537.9123475473,"volume":16450}]', 1140, 1)
2026-01-31 00:51:22,795 INFO sqlalchemy.engine.Engine COMMIT
2026-01-31 00:51:22,795 - sqlalchemy.engine.Engine - INFO - COMMIT
2026-01-31 00:51:22,801 - app.core.data.persistent_cache - INFO - Cache stored (DB) - INFY 1140 rows
2026-01-31 00:51:22,802 - app.api.v1.endpoints.backtest - DEBUG - Data cached persistently
2026-01-31 00:51:22,802 - app.api.v1.endpoints.backtest - DEBUG - Data ready - 1140 candles received
2026-01-31 00:51:22,803 - app.core.backtest.executor - INFO - TradeExecutor initialized with brokerage_fee: 20.0
2026-01-31 00:51:22,803 - app.api.v1.endpoints.backtest - DEBUG - Running backtest engine for INFY
2026-01-31 00:51:22,805 - app.core.backtest.validator - INFO - Date range valid: 18 days
2026-01-31 00:51:22,806 - app.core.backtest.validator - INFO - Capital valid: ₹50000.0
2026-01-31 00:51:22,806 - app.core.backtest.engine - INFO - Starting backtest - Symbol: INFY, Algorithm: mean_reversion, Capital: 50000.0, Date Range: 2024-01-01 09:15:00 to 2024-01-19 15:30:00
2026-01-31 00:51:22,806 - app.core.backtest.engine - DEBUG - Algorithm Parameters: {'SMA_WINDOW': 20, 'Z_ENTRY': 1.5, 'Z_EXIT_THRESHOLD': 0.5}
2026-01-31 00:51:22,807 - app.core.algorithms.registry - INFO - Instantiating algorithm: mean_reversion
2026-01-31 00:51:22,807 - app.core.algorithms.mean_reversion - INFO - Parameters validated: {'SMA_WINDOW': 20, 'Z_ENTRY': 1.5, 'Z_EXIT_THRESHOLD': 0.5}
2026-01-31 00:51:22,807 - app.core.backtest.engine - INFO - Algorithm initialized: MeanReversionAlgorithm
2026-01-31 00:51:22,876 - app.core.algorithms.mean_reversion - INFO - Generated signals for 1140 candles
2026-01-31 00:51:22,878 - app.core.backtest.engine - DEBUG - Signals generated for 1121 candles
2026-01-31 00:51:22,878 - app.core.backtest.engine - DEBUG - Backtest loop started - Initial Capital: 50000.0
2026-01-31 00:51:22,879 - app.core.backtest.executor - DEBUG - ENTER_LONG - Capital: 50000.0, Price: 2545.299624589653, Qty: 19, Cost: 48380.692867203405, Capital_after: 1619.3071327965954
2026-01-31 00:51:22,879 - app.core.backtest.engine - INFO - SELL signal at 2024-01-01 11:10:00 - Price: 2545.299624589653, Qty: 19, Z-Score: 1.7425
2026-01-31 00:51:22,886 - app.core.backtest.engine - INFO - Z-Score EXIT at 2024-01-01 13:20:00 - Type: SHORT, Price: 2554.382949355355, PnL: -172.58, Z-Score: -0.7848
2026-01-31 00:51:22,889 - app.core.backtest.executor - DEBUG - ENTER_LONG - Capital: 1426.7239622482584, Price: 2547.6203041789354, Qty: 0, Cost: 0.0, Capital_after: 1426.7239622482584
2026-01-31 00:51:22,890 - app.core.backtest.executor - DEBUG - ENTER_LONG - Capital: 1426.7239622482584, Price: 2537.1671510580413, Qty: 0, Cost: 0.0, Capital_after: 1426.7239622482584
2026-01-31 00:51:22,897 - app.core.backtest.executor - DEBUG - ENTER_LONG - Capital: 1426.7239622482584, Price: 2567.8574332172284, Qty: 0, Cost: 0.0, Capital_after: 1426.7239622482584
2026-01-31 00:51:22,903 - app.core.backtest.executor - DEBUG - ENTER_LONG - Capital: 1426.7239622482584, Price: 2588.1840381069132, Qty: 0, Cost: 0.0, Capital_after: 1426.7239622482584
2026-01-31 00:51:22,904 - app.core.backtest.executor - DEBUG - ENTER_LONG - Capital: 1426.7239622482584, Price: 2597.1539564321333, Qty: 0, Cost: 0.0, Capital_after: 1426.7239622482584
2026-01-31 00:51:22,922 - app.core.backtest.executor - DEBUG - ENTER_LONG - Capital: 1426.7239622482584, Price: 2604.0249961485356, Qty: 0, Cost: 0.0, Capital_after: 1426.7239622482584
2026-01-31 00:51:22,924 - app.core.backtest.executor - DEBUG - ENTER_LONG - Capital: 1426.7239622482584, Price: 2594.8361217826496, Qty: 0, Cost: 0.0, Capital_after: 1426.7239622482584
2026-01-31 00:51:22,925 - app.core.backtest.executor - DEBUG - ENTER_LONG - Capital: 1426.7239622482584, Price: 2579.4259452854967, Qty: 0, Cost: 0.0, Capital_after: 1426.7239622482584
2026-01-31 00:51:22,926 - app.core.backtest.executor - DEBUG - ENTER_LONG - Capital: 1426.7239622482584, Price: 2574.785967307746, Qty: 0, Cost: 0.0, Capital_after: 1426.7239622482584
2026-01-31 00:51:22,937 - app.core.backtest.executor - DEBUG - ENTER_LONG - Capital: 1426.7239622482584, Price: 2543.167094355738, Qty: 0, Cost: 0.0, Capital_after: 1426.7239622482584
2026-01-31 00:51:22,939 - app.core.backtest.executor - DEBUG - ENTER_LONG - Capital: 1426.7239622482584, Price: 2531.513636897419, Qty: 0, Cost: 0.0, Capital_after: 1426.7239622482584
2026-01-31 00:51:22,945 - app.core.backtest.executor - DEBUG - ENTER_LONG - Capital: 1426.7239622482584, Price: 2578.0938258806655, Qty: 0, Cost: 0.0, Capital_after: 1426.7239622482584
2026-01-31 00:51:22,948 - app.core.backtest.executor - DEBUG - ENTER_LONG - Capital: 1426.7239622482584, Price: 2592.2052842624307, Qty: 0, Cost: 0.0, Capital_after: 1426.7239622482584
2026-01-31 00:51:22,948 - app.core.backtest.executor - DEBUG - ENTER_LONG - Capital: 1426.7239622482584, Price: 2604.6097729749117, Qty: 0, Cost: 0.0, Capital_after: 1426.7239622482584
2026-01-31 00:51:22,949 - app.core.backtest.executor - DEBUG - ENTER_LONG - Capital: 1426.7239622482584, Price: 2610.5141619697206, Qty: 0, Cost: 0.0, Capital_after: 1426.7239622482584
2026-01-31 00:51:22,950 - app.core.backtest.executor - DEBUG - ENTER_LONG - Capital: 1426.7239622482584, Price: 2622.155513029132, Qty: 0, Cost: 0.0, Capital_after: 1426.7239622482584
2026-01-31 00:51:22,956 - app.core.backtest.executor - DEBUG - ENTER_LONG - Capital: 1426.7239622482584, Price: 2604.1832182443814, Qty: 0, Cost: 0.0, Capital_after: 1426.7239622482584
2026-01-31 00:51:22,960 - app.core.backtest.executor - DEBUG - ENTER_LONG - Capital: 1426.7239622482584, Price: 2589.1483883952033, Qty: 0, Cost: 0.0, Capital_after: 1426.7239622482584
2026-01-31 00:51:22,960 - app.core.backtest.executor - DEBUG - ENTER_LONG - Capital: 1426.7239622482584, Price: 2587.64369686844, Qty: 0, Cost: 0.0, Capital_after: 1426.7239622482584
2026-01-31 00:51:22,966 - app.core.backtest.executor - DEBUG - ENTER_LONG - Capital: 1426.7239622482584, Price: 2626.206688757546, Qty: 0, Cost: 0.0, Capital_after: 1426.7239622482584
2026-01-31 00:51:22,973 - app.core.backtest.executor - DEBUG - ENTER_LONG - Capital: 1426.7239622482584, Price: 2615.902012370872, Qty: 0, Cost: 0.0, Capital_after: 1426.7239622482584
2026-01-31 00:51:22,975 - app.core.backtest.executor - DEBUG - ENTER_LONG - Capital: 1426.7239622482584, Price: 2641.0583639255274, Qty: 0, Cost: 0.0, Capital_after: 1426.7239622482584
2026-01-31 00:51:22,975 - app.core.backtest.executor - DEBUG - ENTER_LONG - Capital: 1426.7239622482584, Price: 2646.1015370633886, Qty: 0, Cost: 0.0, Capital_after: 1426.7239622482584
2026-01-31 00:51:22,976 - app.core.backtest.executor - DEBUG - ENTER_LONG - Capital: 1426.7239622482584, Price: 2650.4876921066575, Qty: 0, Cost: 0.0, Capital_after: 1426.7239622482584
2026-01-31 00:51:22,980 - app.core.backtest.executor - DEBUG - ENTER_LONG - Capital: 1426.7239622482584, Price: 2652.44393100346, Qty: 0, Cost: 0.0, Capital_after: 1426.7239622482584
2026-01-31 00:51:22,981 - app.core.backtest.executor - DEBUG - ENTER_LONG - Capital: 1426.7239622482584, Price: 2673.3967930525496, Qty: 0, Cost: 0.0, Capital_after: 1426.7239622482584
2026-01-31 00:51:22,982 - app.core.backtest.executor - DEBUG - ENTER_LONG - Capital: 1426.7239622482584, Price: 2681.2139885653737, Qty: 0, Cost: 0.0, Capital_after: 1426.7239622482584
2026-01-31 00:51:22,986 - app.core.backtest.executor - DEBUG - ENTER_LONG - Capital: 1426.7239622482584, Price: 2702.6150457917292, Qty: 0, Cost: 0.0, Capital_after: 1426.7239622482584
2026-01-31 00:51:22,987 - app.core.backtest.executor - DEBUG - ENTER_LONG - Capital: 1426.7239622482584, Price: 2716.8263762874535, Qty: 0, Cost: 0.0, Capital_after: 1426.7239622482584
2026-01-31 00:51:22,995 - app.core.backtest.executor - DEBUG - ENTER_LONG - Capital: 1426.7239622482584, Price: 2703.787947414935, Qty: 0, Cost: 0.0, Capital_after: 1426.7239622482584
2026-01-31 00:51:22,996 - app.core.backtest.executor - DEBUG - ENTER_LONG - Capital: 1426.7239622482584, Price: 2710.9212410596724, Qty: 0, Cost: 0.0, Capital_after: 1426.7239622482584
2026-01-31 00:51:23,000 - app.core.backtest.executor - DEBUG - ENTER_LONG - Capital: 1426.7239622482584, Price: 2714.9466718520544, Qty: 0, Cost: 0.0, Capital_after: 1426.7239622482584
2026-01-31 00:51:23,000 - app.core.backtest.executor - DEBUG - ENTER_LONG - Capital: 1426.7239622482584, Price: 2721.191722149432, Qty: 0, Cost: 0.0, Capital_after: 1426.7239622482584
2026-01-31 00:51:23,010 - app.core.backtest.executor - DEBUG - ENTER_LONG - Capital: 1426.7239622482584, Price: 2710.284550387419, Qty: 0, Cost: 0.0, Capital_after: 1426.7239622482584
2026-01-31 00:51:23,011 - app.core.backtest.executor - DEBUG - ENTER_LONG - Capital: 1426.7239622482584, Price: 2706.4129882039692, Qty: 0, Cost: 0.0, Capital_after: 1426.7239622482584
2026-01-31 00:51:23,020 - app.core.backtest.executor - DEBUG - ENTER_LONG - Capital: 1426.7239622482584, Price: 2676.0477435968032, Qty: 0, Cost: 0.0, Capital_after: 1426.7239622482584
2026-01-31 00:51:23,024 - app.core.backtest.executor - DEBUG - ENTER_LONG - Capital: 1426.7239622482584, Price: 2644.305830147191, Qty: 0, Cost: 0.0, Capital_after: 1426.7239622482584
2026-01-31 00:51:23,026 - app.core.backtest.executor - DEBUG - ENTER_LONG - Capital: 1426.7239622482584, Price: 2634.6354184276142, Qty: 0, Cost: 0.0, Capital_after: 1426.7239622482584
2026-01-31 00:51:23,030 - app.core.backtest.executor - DEBUG - ENTER_LONG - Capital: 1426.7239622482584, Price: 2642.9502060257914, Qty: 0, Cost: 0.0, Capital_after: 1426.7239622482584
2026-01-31 00:51:23,038 - app.core.backtest.executor - DEBUG - ENTER_LONG - Capital: 1426.7239622482584, Price: 2607.3496570876, Qty: 0, Cost: 0.0, Capital_after: 1426.7239622482584
2026-01-31 00:51:23,043 - app.core.backtest.executor - DEBUG - ENTER_LONG - Capital: 1426.7239622482584, Price: 2605.4851507743033, Qty: 0, Cost: 0.0, Capital_after: 1426.7239622482584
2026-01-31 00:51:23,048 - app.core.backtest.executor - DEBUG - ENTER_LONG - Capital: 1426.7239622482584, Price: 2628.5162433977885, Qty: 0, Cost: 0.0, Capital_after: 1426.7239622482584
2026-01-31 00:51:23,055 - app.core.backtest.executor - DEBUG - ENTER_LONG - Capital: 1426.7239622482584, Price: 2594.689699760375, Qty: 0, Cost: 0.0, Capital_after: 1426.7239622482584
2026-01-31 00:51:23,055 - app.core.backtest.executor - DEBUG - ENTER_LONG - Capital: 1426.7239622482584, Price: 2590.3853449270864, Qty: 0, Cost: 0.0, Capital_after: 1426.7239622482584
2026-01-31 00:51:23,062 - app.core.backtest.executor - DEBUG - ENTER_LONG - Capital: 1426.7239622482584, Price: 2603.1612298035343, Qty: 0, Cost: 0.0, Capital_after: 1426.7239622482584
2026-01-31 00:51:23,063 - app.core.backtest.executor - DEBUG - ENTER_LONG - Capital: 1426.7239622482584, Price: 2614.551112634727, Qty: 0, Cost: 0.0, Capital_after: 1426.7239622482584
2026-01-31 00:51:23,067 - app.core.backtest.executor - DEBUG - ENTER_LONG - Capital: 1426.7239622482584, Price: 2578.087077233528, Qty: 0, Cost: 0.0, Capital_after: 1426.7239622482584
2026-01-31 00:51:23,067 - app.core.backtest.executor - DEBUG - ENTER_LONG - Capital: 1426.7239622482584, Price: 2569.173650772285, Qty: 0, Cost: 0.0, Capital_after: 1426.7239622482584
2026-01-31 00:51:23,072 - app.core.backtest.executor - DEBUG - ENTER_LONG - Capital: 1426.7239622482584, Price: 2551.076978215834, Qty: 0, Cost: 0.0, Capital_after: 1426.7239622482584
2026-01-31 00:51:23,073 - app.core.backtest.executor - DEBUG - ENTER_LONG - Capital: 1426.7239622482584, Price: 2546.6068299869626, Qty: 0, Cost: 0.0, Capital_after: 1426.7239622482584
2026-01-31 00:51:23,073 - app.core.backtest.executor - DEBUG - ENTER_LONG - Capital: 1426.7239622482584, Price: 2543.00484167018, Qty: 0, Cost: 0.0, Capital_after: 1426.7239622482584
2026-01-31 00:51:23,074 - app.core.backtest.executor - DEBUG - ENTER_LONG - Capital: 1426.7239622482584, Price: 2537.9111032353335, Qty: 0, Cost: 0.0, Capital_after: 1426.7239622482584
2026-01-31 00:51:23,081 - app.core.backtest.executor - DEBUG - ENTER_LONG - Capital: 1426.7239622482584, Price: 2527.7023322864156, Qty: 0, Cost: 0.0, Capital_after: 1426.7239622482584
2026-01-31 00:51:23,088 - app.core.backtest.executor - DEBUG - ENTER_LONG - Capital: 1426.7239622482584, Price: 2504.7601737324953, Qty: 0, Cost: 0.0, Capital_after: 1426.7239622482584
2026-01-31 00:51:23,089 - app.core.backtest.executor - DEBUG - ENTER_LONG - Capital: 1426.7239622482584, Price: 2492.4086722163897, Qty: 0, Cost: 0.0, Capital_after: 1426.7239622482584
2026-01-31 00:51:23,090 - app.core.backtest.executor - DEBUG - ENTER_LONG - Capital: 1426.7239622482584, Price: 2484.728862633855, Qty: 0, Cost: 0.0, Capital_after: 1426.7239622482584
2026-01-31 00:51:23,097 - app.core.backtest.executor - DEBUG - ENTER_LONG - Capital: 1426.7239622482584, Price: 2458.5513352956373, Qty: 0, Cost: 0.0, Capital_after: 1426.7239622482584
2026-01-31 00:51:23,103 - app.core.backtest.executor - DEBUG - ENTER_LONG - Capital: 1426.7239622482584, Price: 2498.5737548655766, Qty: 0, Cost: 0.0, Capital_after: 1426.7239622482584
2026-01-31 00:51:23,104 - app.core.backtest.executor - DEBUG - ENTER_LONG - Capital: 1426.7239622482584, Price: 2502.199191009345, Qty: 0, Cost: 0.0, Capital_after: 1426.7239622482584
2026-01-31 00:51:23,106 - app.core.backtest.executor - DEBUG - ENTER_LONG - Capital: 1426.7239622482584, Price: 2510.415048059145, Qty: 0, Cost: 0.0, Capital_after: 1426.7239622482584
2026-01-31 00:51:23,107 - app.core.backtest.executor - DEBUG - ENTER_LONG - Capital: 1426.7239622482584, Price: 2526.1700782226835, Qty: 0, Cost: 0.0, Capital_after: 1426.7239622482584
2026-01-31 00:51:23,114 - app.core.backtest.executor - DEBUG - ENTER_LONG - Capital: 1426.7239622482584, Price: 2539.732921302631, Qty: 0, Cost: 0.0, Capital_after: 1426.7239622482584
2026-01-31 00:51:23,119 - app.core.backtest.executor - DEBUG - ENTER_LONG - Capital: 1426.7239622482584, Price: 2550.7058540932576, Qty: 0, Cost: 0.0, Capital_after: 1426.7239622482584
2026-01-31 00:51:23,120 - app.core.backtest.executor - DEBUG - ENTER_LONG - Capital: 1426.7239622482584, Price: 2556.9109587790263, Qty: 0, Cost: 0.0, Capital_after: 1426.7239622482584
2026-01-31 00:51:23,126 - app.core.backtest.executor - DEBUG - ENTER_LONG - Capital: 1426.7239622482584, Price: 2559.5081348589183, Qty: 0, Cost: 0.0, Capital_after: 1426.7239622482584
2026-01-31 00:51:23,137 - app.core.backtest.executor - DEBUG - ENTER_LONG - Capital: 1426.7239622482584, Price: 2535.502787190702, Qty: 0, Cost: 0.0, Capital_after: 1426.7239622482584
2026-01-31 00:51:23,138 - app.core.backtest.executor - DEBUG - ENTER_LONG - Capital: 1426.7239622482584, Price: 2533.353506827452, Qty: 0, Cost: 0.0, Capital_after: 1426.7239622482584
2026-01-31 00:51:23,142 - app.core.backtest.executor - DEBUG - ENTER_LONG - Capital: 1426.7239622482584, Price: 2501.783267620015, Qty: 0, Cost: 0.0, Capital_after: 1426.7239622482584
2026-01-31 00:51:23,147 - app.core.backtest.executor - DEBUG - ENTER_LONG - Capital: 1426.7239622482584, Price: 2537.080491794409, Qty: 0, Cost: 0.0, Capital_after: 1426.7239622482584
2026-01-31 00:51:23,148 - app.core.backtest.engine - INFO - Backtest completed - Symbol: INFY, Total Trades: 2, Initial Capital: 50000.0, Final Capital: 1426.7239622482584, Return: -97.15%
2026-01-31 00:51:23,152 INFO sqlalchemy.engine.Engine BEGIN (implicit)
2026-01-31 00:51:23,152 - sqlalchemy.engine.Engine - INFO - BEGIN (implicit)
2026-01-31 00:51:23,153 INFO sqlalchemy.engine.Engine INSERT INTO backtest_results (id, job_id, final_capital, total_return, return_percentage, total_trades, winning_trades, losing_trades, win_rate, max_drawdown, min_capital, sharpe_ratio, profit_factor, avg_trade_duration_minutes, best_trade_pnl, worst_trade_pnl, chart_data, created_at) VALUES (?, ?, ?, ?, ?, ?, ?, ?, ?, ?, ?, ?, ?, ?, ?, ?, ?, CURRENT_TIMESTAMP)
2026-01-31 00:51:23,153 - sqlalchemy.engine.Engine - INFO - INSERT INTO backtest_results (id, job_id, final_capital, total_return, return_percentage, total_trades, winning_trades, losing_trades, win_rate, max_drawdown, min_capital, sharpe_ratio, profit_factor, avg_trade_duration_minutes, best_trade_pnl, worst_trade_pnl, chart_data, created_at) VALUES (?, ?, ?, ?, ?, ?, ?, ?, ?, ?, ?, ?, ?, ?, ?, ?, ?, CURRENT_TIMESTAMP)
2026-01-31 00:51:23,154 INFO sqlalchemy.engine.Engine [cached since 471.3s ago] ('f6d2430b-9524-4aa0-a701-e912e896e9b8', 'd627c39b-e9c1-40d8-a2be-56382bc29454', 1426.72, -48573.28, -97.1466, 1, 0, 1, 0.0, None, None, None, None, None, None, None, '{"timestamps": ["2024-01-01T09:15:00", "2024-01-01T09:20:00", "2024-01-01T09:25:00", "2024-01-01T09:30:00", "2024-01-01T09:35:00", "2024-01-01T09:40: ... (48213 characters truncated) ... 439888983, 2531.3999262601624, 2536.726748738826, 2537.080491794409, 2540.2826289282148, 2543.68862969966], "sma": [], "z_scores": [], "signals": []}')
2026-01-31 00:51:23,154 - sqlalchemy.engine.Engine - INFO - [cached since 471.3s ago] ('f6d2430b-9524-4aa0-a701-e912e896e9b8', 'd627c39b-e9c1-40d8-a2be-56382bc29454', 1426.72, -48573.28, -97.1466, 1, 0, 1, 0.0, None, None, None, None, None, None, None, '{"timestamps": ["2024-01-01T09:15:00", "2024-01-01T09:20:00", "2024-01-01T09:25:00", "2024-01-01T09:30:00", "2024-01-01T09:35:00", "2024-01-01T09:40: ... (48213 characters truncated) ... 439888983, 2531.3999262601624, 2536.726748738826, 2537.080491794409, 2540.2826289282148, 2543.68862969966], "sma": [], "z_scores": [], "signals": []}')
2026-01-31 00:51:23,155 INFO sqlalchemy.engine.Engine COMMIT
2026-01-31 00:51:23,155 - sqlalchemy.engine.Engine - INFO - COMMIT
2026-01-31 00:51:23,165 INFO sqlalchemy.engine.Engine BEGIN (implicit)
2026-01-31 00:51:23,165 - sqlalchemy.engine.Engine - INFO - BEGIN (implicit)
2026-01-31 00:51:23,165 INFO sqlalchemy.engine.Engine SELECT backtest_results.id AS backtest_results_id, backtest_results.job_id AS backtest_results_job_id, backtest_results.final_capital AS backtest_results_final_capital, backtest_results.total_return AS backtest_results_total_return, backtest_results.return_percentage AS backtest_results_return_percentage, backtest_results.total_trades AS backtest_results_total_trades, backtest_results.winning_trades AS backtest_results_winning_trades, backtest_results.losing_trades AS backtest_results_losing_trades, backtest_results.win_rate AS backtest_results_win_rate, backtest_results.max_drawdown AS backtest_results_max_drawdown, backtest_results.min_capital AS backtest_results_min_capital, backtest_results.sharpe_ratio AS backtest_results_sharpe_ratio, backtest_results.profit_factor AS backtest_results_profit_factor, backtest_results.avg_trade_duration_minutes AS backtest_results_avg_trade_duration_minutes, backtest_results.best_trade_pnl AS backtest_results_best_trade_pnl, backtest_results.worst_trade_pnl AS backtest_results_worst_trade_pnl, backtest_results.chart_data AS backtest_results_chart_data, backtest_results.created_at AS backtest_results_created_at 
FROM backtest_results 
WHERE backtest_results.id = ?
2026-01-31 00:51:23,165 - sqlalchemy.engine.Engine - INFO - SELECT backtest_results.id AS backtest_results_id, backtest_results.job_id AS backtest_results_job_id, backtest_results.final_capital AS backtest_results_final_capital, backtest_results.total_return AS backtest_results_total_return, backtest_results.return_percentage AS backtest_results_return_percentage, backtest_results.total_trades AS backtest_results_total_trades, backtest_results.winning_trades AS backtest_results_winning_trades, backtest_results.losing_trades AS backtest_results_losing_trades, backtest_results.win_rate AS backtest_results_win_rate, backtest_results.max_drawdown AS backtest_results_max_drawdown, backtest_results.min_capital AS backtest_results_min_capital, backtest_results.sharpe_ratio AS backtest_results_sharpe_ratio, backtest_results.profit_factor AS backtest_results_profit_factor, backtest_results.avg_trade_duration_minutes AS backtest_results_avg_trade_duration_minutes, backtest_results.best_trade_pnl AS backtest_results_best_trade_pnl, backtest_results.worst_trade_pnl AS backtest_results_worst_trade_pnl, backtest_results.chart_data AS backtest_results_chart_data, backtest_results.created_at AS backtest_results_created_at 
FROM backtest_results 
WHERE backtest_results.id = ?
2026-01-31 00:51:23,165 INFO sqlalchemy.engine.Engine [cached since 471.3s ago] ('f6d2430b-9524-4aa0-a701-e912e896e9b8',)
2026-01-31 00:51:23,165 - sqlalchemy.engine.Engine - INFO - [cached since 471.3s ago] ('f6d2430b-9524-4aa0-a701-e912e896e9b8',)
2026-01-31 00:51:23,166 - app.api.v1.endpoints.backtest - INFO - Backtest result saved - Job ID: d627c39b-e9c1-40d8-a2be-56382bc29454, Final Capital: 1426.72, Total Trades: 1
2026-01-31 00:51:23,167 INFO sqlalchemy.engine.Engine INSERT INTO trades (id, job_id, trade_sequence, trade_type, symbol, trade_time, price, quantity, brokerage_fee, capital_after, pnl, pnl_percentage, z_score, sma, created_at) VALUES (?, ?, ?, ?, ?, ?, ?, ?, ?, ?, ?, ?, ?, ?, CURRENT_TIMESTAMP)
2026-01-31 00:51:23,167 - sqlalchemy.engine.Engine - INFO - INSERT INTO trades (id, job_id, trade_sequence, trade_type, symbol, trade_time, price, quantity, brokerage_fee, capital_after, pnl, pnl_percentage, z_score, sma, created_at) VALUES (?, ?, ?, ?, ?, ?, ?, ?, ?, ?, ?, ?, ?, ?, CURRENT_TIMESTAMP)
2026-01-31 00:51:23,167 INFO sqlalchemy.engine.Engine [cached since 471.3s ago] [('38e97151-5f58-4627-8635-5b805b2f1813', 'd627c39b-e9c1-40d8-a2be-56382bc29454', 1, 'SELL', 'INFY', '2024-01-01 11:10:00.000000', 2545.299624589653, 19, 20.0, 1619.31, None, None, 1.7424936282109944, 2525.043119907158), ('d7a7eeeb-b97a-49fe-b2ba-57213a830818', 'd627c39b-e9c1-40d8-a2be-56382bc29454', 2, 'EXIT', 'INFY', '2024-01-01 13:20:00.000000', 2554.382949355355, 19, 20.0, 1426.72, -172.58, None, -0.7847823545704736, 2560.1626438535577)]
2026-01-31 00:51:23,167 - sqlalchemy.engine.Engine - INFO - [cached since 471.3s ago] [('38e97151-5f58-4627-8635-5b805b2f1813', 'd627c39b-e9c1-40d8-a2be-56382bc29454', 1, 'SELL', 'INFY', '2024-01-01 11:10:00.000000', 2545.299624589653, 19, 20.0, 1619.31, None, None, 1.7424936282109944, 2525.043119907158), ('d7a7eeeb-b97a-49fe-b2ba-57213a830818', 'd627c39b-e9c1-40d8-a2be-56382bc29454', 2, 'EXIT', 'INFY', '2024-01-01 13:20:00.000000', 2554.382949355355, 19, 20.0, 1426.72, -172.58, None, -0.7847823545704736, 2560.1626438535577)]
2026-01-31 00:51:23,168 INFO sqlalchemy.engine.Engine COMMIT
2026-01-31 00:51:23,168 - sqlalchemy.engine.Engine - INFO - COMMIT
2026-01-31 00:51:23,172 - app.api.v1.endpoints.backtest - DEBUG - All trades saved to database - Total: 2
2026-01-31 00:51:23,172 INFO sqlalchemy.engine.Engine BEGIN (implicit)
2026-01-31 00:51:23,172 - sqlalchemy.engine.Engine - INFO - BEGIN (implicit)
2026-01-31 00:51:23,173 INFO sqlalchemy.engine.Engine SELECT backtest_jobs.id AS backtest_jobs_id, backtest_jobs.symbol AS backtest_jobs_symbol, backtest_jobs.algorithm_id AS backtest_jobs_algorithm_id, backtest_jobs.parameters AS backtest_jobs_parameters, backtest_jobs.start_date AS backtest_jobs_start_date, backtest_jobs.end_date AS backtest_jobs_end_date, backtest_jobs.initial_capital AS backtest_jobs_initial_capital, backtest_jobs.allow_short AS backtest_jobs_allow_short, backtest_jobs.brokerage_fee AS backtest_jobs_brokerage_fee, backtest_jobs.error_message AS backtest_jobs_error_message, backtest_jobs.execution_time_ms AS backtest_jobs_execution_time_ms, backtest_jobs.created_at AS backtest_jobs_created_at, backtest_jobs.updated_at AS backtest_jobs_updated_at 
FROM backtest_jobs 
WHERE backtest_jobs.id = ?
2026-01-31 00:51:23,173 - sqlalchemy.engine.Engine - INFO - SELECT backtest_jobs.id AS backtest_jobs_id, backtest_jobs.symbol AS backtest_jobs_symbol, backtest_jobs.algorithm_id AS backtest_jobs_algorithm_id, backtest_jobs.parameters AS backtest_jobs_parameters, backtest_jobs.start_date AS backtest_jobs_start_date, backtest_jobs.end_date AS backtest_jobs_end_date, backtest_jobs.initial_capital AS backtest_jobs_initial_capital, backtest_jobs.allow_short AS backtest_jobs_allow_short, backtest_jobs.brokerage_fee AS backtest_jobs_brokerage_fee, backtest_jobs.error_message AS backtest_jobs_error_message, backtest_jobs.execution_time_ms AS backtest_jobs_execution_time_ms, backtest_jobs.created_at AS backtest_jobs_created_at, backtest_jobs.updated_at AS backtest_jobs_updated_at 
FROM backtest_jobs 
WHERE backtest_jobs.id = ?
2026-01-31 00:51:23,173 INFO sqlalchemy.engine.Engine [cached since 471.3s ago] ('d627c39b-e9c1-40d8-a2be-56382bc29454',)
2026-01-31 00:51:23,173 - sqlalchemy.engine.Engine - INFO - [cached since 471.3s ago] ('d627c39b-e9c1-40d8-a2be-56382bc29454',)
2026-01-31 00:51:23,174 INFO sqlalchemy.engine.Engine UPDATE backtest_jobs SET status=?, updated_at=CURRENT_TIMESTAMP WHERE backtest_jobs.id = ?
2026-01-31 00:51:23,174 - sqlalchemy.engine.Engine - INFO - UPDATE backtest_jobs SET status=?, updated_at=CURRENT_TIMESTAMP WHERE backtest_jobs.id = ?
2026-01-31 00:51:23,174 INFO sqlalchemy.engine.Engine [cached since 471.3s ago] ('completed', 'd627c39b-e9c1-40d8-a2be-56382bc29454')
2026-01-31 00:51:23,174 - sqlalchemy.engine.Engine - INFO - [cached since 471.3s ago] ('completed', 'd627c39b-e9c1-40d8-a2be-56382bc29454')
2026-01-31 00:51:23,174 INFO sqlalchemy.engine.Engine COMMIT
2026-01-31 00:51:23,174 - sqlalchemy.engine.Engine - INFO - COMMIT
2026-01-31 00:51:23,177 - app.api.v1.endpoints.backtest - INFO - Job d627c39b-e9c1-40d8-a2be-56382bc29454 completed successfully
INFO:     127.0.0.1:46198 - "POST /api/v1/backtest HTTP/1.1" 202 Accepted
INFO:     127.0.0.1:39266 - "GET /api/v1/stocks HTTP/1.1" 200 OK
INFO:     127.0.0.1:39274 - "GET /api/v1/stocks HTTP/1.1" 200 OK
